{"filter_level":"medium","contributors":null,"text":"@Nico5_7 merci bg , mais bon on les a fait fumer techniquement","geo":null,"retweeted":false,"in_reply_to_screen_name":"Nico5_7","truncated":false,"lang":"fr","entities":{"symbols":[],"urls":[],"hashtags":[],"user_mentions":[{"id":1096466238,"name":"AC MILAN ⚽❤","indices":[0,8],"screen_name":"Nico5_7","id_str":"1096466238"}]},"in_reply_to_status_id_str":"327530178454642688","id":327530791846424577,"source":"<a href=\"http://twitter.com/download/iphone\" rel=\"nofollow\">Twitter for iPhone<\/a>","in_reply_to_user_id_str":"1096466238","favorited":false,"in_reply_to_status_id":327530178454642688,"retweet_count":0,"created_at":"Thu Apr 25 21:13:20 +0000 2013","in_reply_to_user_id":1096466238,"favorite_count":0,"id_str":"327530791846424577","place":null,"user":{"location":"","default_profile":false,"statuses_count":8668,"profile_background_tile":true,"lang":"fr","profile_link_color":"009999","profile_banner_url":"https://si0.twimg.com/profile_banners/572663874/1361929392","id":572663874,"following":null,"favourites_count":1,"protected":false,"profile_text_color":"666666","description":"#TeamBooba #TeamFababy","verified":false,"contributors_enabled":false,"profile_sidebar_border_color":"FFFFFF","name":"FENERBAHCEM","profile_background_color":"131516","created_at":"Sun May 06 12:26:49 +0000 2012","default_profile_image":false,"followers_count":162,"profile_image_url_https":"https://si0.twimg.com/profile_images/3556142740/e0184f7449c8d1644f017ba307b10ec1_normal.jpeg","geo_enabled":false,"profile_background_image_url":"http://a0.twimg.com/profile_background_images/835951718/9bca18c2249566fbda055f53e10c1bd0.jpeg","profile_background_image_url_https":"https://si0.twimg.com/profile_background_images/835951718/9bca18c2249566fbda055f53e10c1bd0.jpeg","follow_request_sent":null,"url":null,"utc_offset":null,"time_zone":null,"notifications":null,"profile_use_background_image":true,"friends_count":87,"profile_sidebar_fill_color":"252429","screen_name":"AygunGezgiin","id_str":"572663874","profile_image_url":"http://a0.twimg.com/profile_images/3556142740/e0184f7449c8d1644f017ba307b10ec1_normal.jpeg","listed_count":0,"is_translator":false},"coordinates":null}