{"filter_level":"low","retweeted_status":{"contributors":null,"text":"@iLook_atYou u must not, believe me ur a 1000 times better to me love :*","geo":null,"retweeted":false,"in_reply_to_screen_name":"iLook_atYou","truncated":false,"lang":"en","entities":{"symbols":[],"urls":[],"hashtags":[],"user_mentions":[{"id":51528729,"name":"July_That´s it!","indices":[0,12],"screen_name":"iLook_atYou","id_str":"51528729"}]},"in_reply_to_status_id_str":"327435131730132992","id":327436412028870656,"source":"web","in_reply_to_user_id_str":"51528729","favorited":false,"in_reply_to_status_id":327435131730132992,"retweet_count":1,"created_at":"Thu Apr 25 14:58:18 +0000 2013","in_reply_to_user_id":51528729,"favorite_count":0,"id_str":"327436412028870656","place":null,"user":{"location":"1derland","default_profile":false,"statuses_count":6575,"profile_background_tile":true,"lang":"en","profile_link_color":"000000","profile_banner_url":"https://si0.twimg.com/profile_banners/580639796/1365348085","id":580639796,"following":null,"favourites_count":1609,"protected":false,"profile_text_color":"333333","description":"Zayn's left me paralyzed ;) ask for follow back :)","verified":false,"contributors_enabled":false,"profile_sidebar_border_color":"FFFFFF","name":"Beautiful King","profile_background_color":"0396E0","created_at":"Tue May 15 07:17:28 +0000 2012","default_profile_image":false,"followers_count":1775,"profile_image_url_https":"https://si0.twimg.com/profile_images/3485297054/ca4f1140a23f9d020736e4a2d4398aad_normal.jpeg","geo_enabled":true,"profile_background_image_url":"http://a0.twimg.com/profile_background_images/768654510/32a41d0048634dc26df3700bf34b7aea.jpeg","profile_background_image_url_https":"https://si0.twimg.com/profile_background_images/768654510/32a41d0048634dc26df3700bf34b7aea.jpeg","follow_request_sent":null,"url":"http://tulip.bu.ac.th/~rashi.sind/","utc_offset":25200,"time_zone":"Bangkok","notifications":null,"profile_use_background_image":true,"friends_count":1649,"profile_sidebar_fill_color":"DDEEF6","screen_name":"UMakeMeCrazy_","id_str":"580639796","profile_image_url":"http://a0.twimg.com/profile_images/3485297054/ca4f1140a23f9d020736e4a2d4398aad_normal.jpeg","listed_count":0,"is_translator":false},"coordinates":null},"contributors":null,"text":"RT @UMakeMeCrazy_: @iLook_atYou u must not, believe me ur a 1000 times better to me love :*","geo":null,"retweeted":false,"in_reply_to_screen_name":null,"truncated":false,"entities":{"symbols":[],"urls":[],"hashtags":[],"user_mentions":[{"id":580639796,"name":"Beautiful King","indices":[3,17],"screen_name":"UMakeMeCrazy_","id_str":"580639796"},{"id":51528729,"name":"July_That´s it!","indices":[19,31],"screen_name":"iLook_atYou","id_str":"51528729"}]},"in_reply_to_status_id_str":null,"id":327530791867396096,"source":"<a href=\"http://twitter.com/download/android\" rel=\"nofollow\">Twitter for Android<\/a>","in_reply_to_user_id_str":null,"favorited":false,"in_reply_to_status_id":null,"retweet_count":0,"created_at":"Thu Apr 25 21:13:20 +0000 2013","in_reply_to_user_id":null,"favorite_count":0,"id_str":"327530791867396096","place":null,"user":{"location":"Germany","default_profile":false,"statuses_count":5243,"profile_background_tile":true,"lang":"de","profile_link_color":"8A8023","profile_banner_url":"https://si0.twimg.com/profile_banners/51528729/1365697327","id":51528729,"following":null,"favourites_count":724,"protected":false,"profile_text_color":"333333","description":"19y, #Alien since 2005, @tokiohotel, Michael Jackson, @planetjedward, @DanSperry and @LarryBourgeois1 ♥ Met Bill & Tom Kaulitz 16/03/13","verified":false,"contributors_enabled":false,"profile_sidebar_border_color":"FFFFFF","name":"July_That´s it!","profile_background_color":"6BBFB1","created_at":"Sat Jun 27 19:19:43 +0000 2009","default_profile_image":false,"followers_count":6662,"profile_image_url_https":"https://si0.twimg.com/profile_images/3499431815/4e7b4dc07c6b47af78a7890c840bcf63_normal.jpeg","geo_enabled":false,"profile_background_image_url":"http://a0.twimg.com/profile_background_images/839912235/f46a675439b39d98fdc293b9bcb4bdc5.png","profile_background_image_url_https":"https://si0.twimg.com/profile_background_images/839912235/f46a675439b39d98fdc293b9bcb4bdc5.png","follow_request_sent":null,"url":null,"utc_offset":3600,"time_zone":"Berlin","notifications":null,"profile_use_background_image":true,"friends_count":3346,"profile_sidebar_fill_color":"F6F6F6","screen_name":"iLook_atYou","id_str":"51528729","profile_image_url":"http://a0.twimg.com/profile_images/3499431815/4e7b4dc07c6b47af78a7890c840bcf63_normal.jpeg","listed_count":7,"is_translator":false},"coordinates":null}