{"filter_level":"low","retweeted_status":{"contributors":null,"text":"Chelsea have now played 62 matches this season and scored 133 goals! Another 6, possibly 7 matches to go! #CFC","geo":null,"retweeted":false,"in_reply_to_screen_name":null,"truncated":false,"lang":"en","entities":{"symbols":[],"urls":[],"hashtags":[{"text":"CFC","indices":[106,110]}],"user_mentions":[]},"in_reply_to_status_id_str":null,"id":327529727378219009,"source":"<a href=\"http://twitter.com/#!/download/ipad\" rel=\"nofollow\">Twitter for iPad<\/a>","in_reply_to_user_id_str":null,"favorited":false,"in_reply_to_status_id":null,"retweet_count":25,"created_at":"Thu Apr 25 21:09:06 +0000 2013","in_reply_to_user_id":null,"favorite_count":4,"id_str":"327529727378219009","place":null,"user":{"location":"","default_profile":false,"statuses_count":45535,"profile_background_tile":false,"lang":"en","profile_link_color":"0084B4","profile_banner_url":"https://si0.twimg.com/profile_banners/308168200/1363568708","id":308168200,"following":null,"favourites_count":35,"protected":false,"profile_text_color":"333333","description":"As the name suggests, i'm a huge Carlo Ancelotti fan! I'm Chelsea for life! I tweet the latest Chelsea news. (This page is NOT affiliated with Carlo Ancelotti)","verified":false,"contributors_enabled":false,"profile_sidebar_border_color":"A8C7F7","name":"CarloFan","profile_background_color":"022330","created_at":"Mon May 30 23:15:27 +0000 2011","default_profile_image":false,"followers_count":15147,"profile_image_url_https":"https://si0.twimg.com/profile_images/2817994431/a5e3ba6464f6dbe32241558ddcf558cf_normal.png","geo_enabled":false,"profile_background_image_url":"http://a0.twimg.com/images/themes/theme15/bg.png","profile_background_image_url_https":"https://si0.twimg.com/images/themes/theme15/bg.png","follow_request_sent":null,"url":null,"utc_offset":0,"time_zone":"Casablanca","notifications":null,"profile_use_background_image":true,"friends_count":245,"profile_sidebar_fill_color":"C0DFEC","screen_name":"CarloFan","id_str":"308168200","profile_image_url":"http://a0.twimg.com/profile_images/2817994431/a5e3ba6464f6dbe32241558ddcf558cf_normal.png","listed_count":174,"is_translator":false},"coordinates":null},"contributors":null,"text":"RT @CarloFan: Chelsea have now played 62 matches this season and scored 133 goals! Another 6, possibly 7 matches to go! #CFC","geo":null,"retweeted":false,"in_reply_to_screen_name":null,"truncated":false,"entities":{"symbols":[],"urls":[],"hashtags":[{"text":"CFC","indices":[120,124]}],"user_mentions":[{"id":308168200,"name":"CarloFan","indices":[3,12],"screen_name":"CarloFan","id_str":"308168200"}]},"in_reply_to_status_id_str":null,"id":327530791829639168,"source":"web","in_reply_to_user_id_str":null,"favorited":false,"in_reply_to_status_id":null,"retweet_count":0,"created_at":"Thu Apr 25 21:13:20 +0000 2013","in_reply_to_user_id":null,"favorite_count":0,"id_str":"327530791829639168","place":null,"user":{"location":"","default_profile":false,"statuses_count":5934,"profile_background_tile":true,"lang":"en","profile_link_color":"FF003F","profile_banner_url":"https://si0.twimg.com/profile_banners/587960790/1366854018","id":587960790,"following":null,"favourites_count":1484,"protected":false,"profile_text_color":"333333","description":"You have to go through the worst to get to the best.\r\nFootball/Fútbol/Soccer is my passion ♥","verified":false,"contributors_enabled":false,"profile_sidebar_border_color":"FFFFFF","name":"Goral Patel","profile_background_color":"100C08","created_at":"Wed May 23 00:45:30 +0000 2012","default_profile_image":false,"followers_count":444,"profile_image_url_https":"https://si0.twimg.com/profile_images/3552387694/209c4368693b38b6d37e1d849a0a30a6_normal.jpeg","geo_enabled":false,"profile_background_image_url":"http://a0.twimg.com/profile_background_images/728673171/e67e3560186dd8366b390852de117f90.jpeg","profile_background_image_url_https":"https://si0.twimg.com/profile_background_images/728673171/e67e3560186dd8366b390852de117f90.jpeg","follow_request_sent":null,"url":"http://playbeautifulblog.blogspot.com","utc_offset":-18000,"time_zone":"Eastern Time (US & Canada)","notifications":null,"profile_use_background_image":false,"friends_count":266,"profile_sidebar_fill_color":"DDEEF6","screen_name":"goralpatel","id_str":"587960790","profile_image_url":"http://a0.twimg.com/profile_images/3552387694/209c4368693b38b6d37e1d849a0a30a6_normal.jpeg","listed_count":1,"is_translator":false},"coordinates":null}