{"filter_level":"low","retweeted_status":{"contributors":null,"text":"How cute are my new @miumiuofficial sandals! http://t.co/sCTdcwexIS","geo":null,"retweeted":false,"in_reply_to_screen_name":null,"possibly_sensitive":false,"truncated":false,"lang":"en","entities":{"symbols":[],"urls":[],"hashtags":[],"media":[{"sizes":{"thumb":{"w":150,"resize":"crop","h":150},"small":{"w":340,"resize":"fit","h":340},"medium":{"w":600,"resize":"fit","h":600},"large":{"w":612,"resize":"fit","h":612}},"id":327528710888624128,"media_url_https":"https://pbs.twimg.com/media/BIudoJJCEAAZ5Df.jpg","media_url":"http://pbs.twimg.com/media/BIudoJJCEAAZ5Df.jpg","expanded_url":"http://twitter.com/HilaryDuff/status/327528710884429824/photo/1","indices":[45,67],"id_str":"327528710888624128","type":"photo","display_url":"pic.twitter.com/sCTdcwexIS","url":"http://t.co/sCTdcwexIS"}],"user_mentions":[{"id":937294358,"name":"MIU MIU","indices":[20,35],"screen_name":"MIUMIUofficial","id_str":"937294358"}]},"in_reply_to_status_id_str":null,"id":327528710884429824,"source":"<a href=\"http://ifttt.com\" rel=\"nofollow\">IFTTT<\/a>","in_reply_to_user_id_str":null,"favorited":false,"in_reply_to_status_id":null,"retweet_count":90,"created_at":"Thu Apr 25 21:05:04 +0000 2013","in_reply_to_user_id":null,"favorite_count":427,"id_str":"327528710884429824","place":null,"user":{"location":"los angeles, ca","default_profile":false,"statuses_count":1495,"profile_background_tile":false,"lang":"en","profile_link_color":"CC0033","id":200913899,"following":null,"favourites_count":2,"protected":false,"profile_text_color":"333333","description":"mamma, singer, actress, writer","verified":true,"contributors_enabled":false,"profile_sidebar_border_color":"333333","name":"Hilary Duff","profile_background_color":"000000","created_at":"Sun Oct 10 16:29:02 +0000 2010","default_profile_image":false,"followers_count":2816542,"profile_image_url_https":"https://si0.twimg.com/profile_images/2324239765/image_normal.jpg","geo_enabled":false,"profile_background_image_url":"http://a0.twimg.com/profile_background_images/176973225/HilaryDuff_V3_1440x860.jpg","profile_background_image_url_https":"https://si0.twimg.com/profile_background_images/176973225/HilaryDuff_V3_1440x860.jpg","follow_request_sent":null,"url":"http://www.hilaryduff.com","utc_offset":-28800,"time_zone":"Pacific Time (US & Canada)","notifications":null,"profile_use_background_image":true,"friends_count":91,"profile_sidebar_fill_color":"E3E3E3","screen_name":"HilaryDuff","id_str":"200913899","profile_image_url":"http://a0.twimg.com/profile_images/2324239765/image_normal.jpg","listed_count":9264,"is_translator":false},"coordinates":null},"contributors":null,"text":"RT @HilaryDuff: How cute are my new @miumiuofficial sandals! http://t.co/sCTdcwexIS","geo":null,"retweeted":false,"in_reply_to_screen_name":null,"possibly_sensitive":false,"truncated":false,"entities":{"symbols":[],"urls":[],"hashtags":[],"media":[{"sizes":{"thumb":{"w":150,"resize":"crop","h":150},"small":{"w":340,"resize":"fit","h":340},"medium":{"w":600,"resize":"fit","h":600},"large":{"w":612,"resize":"fit","h":612}},"id":327528710888624128,"media_url_https":"https://pbs.twimg.com/media/BIudoJJCEAAZ5Df.jpg","media_url":"http://pbs.twimg.com/media/BIudoJJCEAAZ5Df.jpg","expanded_url":"http://twitter.com/HilaryDuff/status/327528710884429824/photo/1","source_status_id_str":"327528710884429824","indices":[61,83],"source_status_id":327528710884429824,"id_str":"327528710888624128","type":"photo","display_url":"pic.twitter.com/sCTdcwexIS","url":"http://t.co/sCTdcwexIS"}],"user_mentions":[{"id":200913899,"name":"Hilary Duff","indices":[3,14],"screen_name":"HilaryDuff","id_str":"200913899"},{"id":937294358,"name":"MIU MIU","indices":[36,51],"screen_name":"MIUMIUofficial","id_str":"937294358"}]},"in_reply_to_status_id_str":null,"id":327530791850610688,"source":"<a href=\"http://blackberry.com/twitter\" rel=\"nofollow\">Twitter for BlackBerry®<\/a>","in_reply_to_user_id_str":null,"favorited":false,"in_reply_to_status_id":null,"retweet_count":0,"created_at":"Thu Apr 25 21:13:20 +0000 2013","in_reply_to_user_id":null,"favorite_count":0,"id_str":"327530791850610688","place":null,"user":{"location":"El Salvador","default_profile":false,"statuses_count":9156,"profile_background_tile":true,"lang":"es","profile_link_color":"ED2F2F","profile_banner_url":"https://si0.twimg.com/profile_banners/35589106/1349986691","id":35589106,"following":null,"favourites_count":6,"protected":false,"profile_text_color":"000000","description":"partyholic, musicholic, workaholic, shopaholic, alcoholic ... Problem?","verified":false,"contributors_enabled":false,"profile_sidebar_border_color":"000000","name":"Carlos Madrid ","profile_background_color":"09B8E8","created_at":"Sun Apr 26 22:48:45 +0000 2009","default_profile_image":false,"followers_count":274,"profile_image_url_https":"https://si0.twimg.com/profile_images/3336568548/069f5a952f4ef5ad294611d4c8c09af8_normal.jpeg","geo_enabled":false,"profile_background_image_url":"http://a0.twimg.com/profile_background_images/682289005/08c331154f7ffbb2899f9e2b34031cd0.jpeg","profile_background_image_url_https":"https://si0.twimg.com/profile_background_images/682289005/08c331154f7ffbb2899f9e2b34031cd0.jpeg","follow_request_sent":null,"url":null,"utc_offset":-25200,"time_zone":"Mountain Time (US & Canada)","notifications":null,"profile_use_background_image":true,"friends_count":70,"profile_sidebar_fill_color":"9BE817","screen_name":"iCarlosMadrid","id_str":"35589106","profile_image_url":"http://a0.twimg.com/profile_images/3336568548/069f5a952f4ef5ad294611d4c8c09af8_normal.jpeg","listed_count":0,"is_translator":false},"coordinates":null}