{"filter_level":"medium","contributors":null,"text":"@ComVoceRobertha dm","geo":null,"retweeted":false,"in_reply_to_screen_name":"ComVoceRobertha","truncated":false,"lang":"und","entities":{"symbols":[],"urls":[],"hashtags":[],"user_mentions":[{"id":806835644,"name":"glei","indices":[0,16],"screen_name":"ComVoceRobertha","id_str":"806835644"}]},"in_reply_to_status_id_str":null,"id":327530791863214081,"source":"web","in_reply_to_user_id_str":"806835644","favorited":false,"in_reply_to_status_id":null,"retweet_count":0,"created_at":"Thu Apr 25 21:13:20 +0000 2013","in_reply_to_user_id":806835644,"favorite_count":0,"id_str":"327530791863214081","place":null,"user":{"location":"","default_profile":false,"statuses_count":36014,"profile_background_tile":false,"lang":"pt","profile_link_color":"009999","profile_banner_url":"https://si0.twimg.com/profile_banners/553796245/1366666167","id":553796245,"following":null,"favourites_count":450,"protected":false,"profile_text_color":"333333","description":"O Sorriso Mais Lindo, O Olhar Mais Sincero O Meu Porto Seguro, A Pessoa Mais Linda Do MUNDO. Eu Te Amo Mais Que Tudo Nessa Vida ! Minha @sophiaabrahao  ∞ ","verified":false,"contributors_enabled":false,"profile_sidebar_border_color":"FFFFFF","name":"Line Da Vick ღ","profile_background_color":"131516","created_at":"Sat Apr 14 19:57:57 +0000 2012","default_profile_image":false,"followers_count":1219,"profile_image_url_https":"https://si0.twimg.com/profile_images/3520442036/fe91999a6348d9c7d667e93b58dfd862_normal.png","geo_enabled":false,"profile_background_image_url":"http://a0.twimg.com/profile_background_images/847494439/c10ba68b29f3e5601b8c007178e91cc5.png","profile_background_image_url_https":"https://si0.twimg.com/profile_background_images/847494439/c10ba68b29f3e5601b8c007178e91cc5.png","follow_request_sent":null,"url":null,"utc_offset":-10800,"time_zone":"Brasilia","notifications":null,"profile_use_background_image":true,"friends_count":1154,"profile_sidebar_fill_color":"DDEEF6","screen_name":"ChocoBranquinha","id_str":"553796245","profile_image_url":"http://a0.twimg.com/profile_images/3520442036/fe91999a6348d9c7d667e93b58dfd862_normal.png","listed_count":0,"is_translator":false},"coordinates":null}