{"filter_level":"medium","contributors":null,"text":"@tobi_lalaa I'm not saying I hate you. I'm just saying if you got hit by a bus, I would be driving that bus.","geo":null,"retweeted":false,"in_reply_to_screen_name":"tobi_lalaa","truncated":false,"lang":"en","entities":{"symbols":[],"urls":[],"hashtags":[],"user_mentions":[{"id":432948085,"name":"Oluwatobi Oyelowo","indices":[0,11],"screen_name":"tobi_lalaa","id_str":"432948085"}]},"in_reply_to_status_id_str":null,"id":327530791854829568,"source":"<a href=\"http://blackberry.com/twitter\" rel=\"nofollow\">Twitter for BlackBerry®<\/a>","in_reply_to_user_id_str":"432948085","favorited":false,"in_reply_to_status_id":null,"retweet_count":0,"created_at":"Thu Apr 25 21:13:20 +0000 2013","in_reply_to_user_id":432948085,"favorite_count":0,"id_str":"327530791854829568","place":null,"user":{"location":"Lagos, Nigeria","default_profile":true,"statuses_count":1067,"profile_background_tile":false,"lang":"en","profile_link_color":"0084B4","id":529573318,"following":null,"favourites_count":58,"protected":false,"profile_text_color":"333333","description":"~I am who I am. I like what I like. I love who I love. I do what I want!!!~","verified":false,"contributors_enabled":false,"profile_sidebar_border_color":"C0DEED","name":"Aiyelotan Taiyelolu","profile_background_color":"C0DEED","created_at":"Mon Mar 19 17:49:51 +0000 2012","default_profile_image":false,"followers_count":107,"profile_image_url_https":"https://si0.twimg.com/profile_images/3514189506/d4c10e6b9b5486c335635dd208a4254f_normal.jpeg","geo_enabled":false,"profile_background_image_url":"http://a0.twimg.com/images/themes/theme1/bg.png","profile_background_image_url_https":"https://si0.twimg.com/images/themes/theme1/bg.png","follow_request_sent":null,"url":null,"utc_offset":null,"time_zone":null,"notifications":null,"profile_use_background_image":true,"friends_count":203,"profile_sidebar_fill_color":"DDEEF6","screen_name":"Miz_Lowluh","id_str":"529573318","profile_image_url":"http://a0.twimg.com/profile_images/3514189506/d4c10e6b9b5486c335635dd208a4254f_normal.jpeg","listed_count":0,"is_translator":false},"coordinates":null}