{"filter_level":"medium","contributors":null,"text":"@hearthoran s22222222","geo":null,"retweeted":false,"in_reply_to_screen_name":"hearthoran","truncated":false,"lang":"id","entities":{"symbols":[],"urls":[],"hashtags":[],"user_mentions":[{"id":149302780,"name":"lorena","indices":[0,11],"screen_name":"hearthoran","id_str":"149302780"}]},"in_reply_to_status_id_str":"327525327440076801","id":327530791858995201,"source":"web","in_reply_to_user_id_str":"149302780","favorited":false,"in_reply_to_status_id":327525327440076801,"retweet_count":0,"created_at":"Thu Apr 25 21:13:20 +0000 2013","in_reply_to_user_id":149302780,"favorite_count":0,"id_str":"327530791858995201","place":null,"user":{"location":"","default_profile":false,"statuses_count":494,"profile_background_tile":false,"lang":"pt","profile_link_color":"ADA79B","profile_banner_url":"https://si0.twimg.com/profile_banners/261700734/1366916503","id":261700734,"following":null,"favourites_count":16,"protected":false,"profile_text_color":"333333","description":null,"verified":false,"contributors_enabled":false,"profile_sidebar_border_color":"FFFFFF","name":"Luan Tadeu","profile_background_color":"FFFFFF","created_at":"Sun Mar 06 14:21:09 +0000 2011","default_profile_image":false,"followers_count":117,"profile_image_url_https":"https://si0.twimg.com/profile_images/3574100935/9e7a42659fe0ae7f464358f7e4ad9f44_normal.jpeg","geo_enabled":true,"profile_background_image_url":"http://a0.twimg.com/profile_background_images/851600887/b2ee6d8b07beefeff88a46afba254f73.jpeg","profile_background_image_url_https":"https://si0.twimg.com/profile_background_images/851600887/b2ee6d8b07beefeff88a46afba254f73.jpeg","follow_request_sent":null,"url":"http://o-urlies.tumblr.com/","utc_offset":-10800,"time_zone":"Brasilia","notifications":null,"profile_use_background_image":false,"friends_count":251,"profile_sidebar_fill_color":"DDEEF6","screen_name":"l_uantadeu","id_str":"261700734","profile_image_url":"http://a0.twimg.com/profile_images/3574100935/9e7a42659fe0ae7f464358f7e4ad9f44_normal.jpeg","listed_count":0,"is_translator":false},"coordinates":null}