{"filter_level":"medium","contributors":null,"text":"もう少し寝るか\u2026いや起きようか\u2026(´-ω-`)","geo":null,"retweeted":false,"in_reply_to_screen_name":null,"truncated":false,"lang":"ja","entities":{"symbols":[],"urls":[],"hashtags":[],"user_mentions":[]},"in_reply_to_status_id_str":null,"id":327530791854809088,"source":"<a href=\"http://twitter.com/download/android\" rel=\"nofollow\">Twitter for Android<\/a>","in_reply_to_user_id_str":null,"favorited":false,"in_reply_to_status_id":null,"retweet_count":0,"created_at":"Thu Apr 25 21:13:20 +0000 2013","in_reply_to_user_id":null,"favorite_count":0,"id_str":"327530791854809088","place":null,"user":{"location":"","default_profile":true,"statuses_count":4132,"profile_background_tile":false,"lang":"ja","profile_link_color":"0084B4","profile_banner_url":"https://si0.twimg.com/profile_banners/1061888282/1365208737","id":1061888282,"following":null,"favourites_count":198,"protected":false,"profile_text_color":"333333","description":null,"verified":false,"contributors_enabled":false,"profile_sidebar_border_color":"C0DEED","name":"寝かせつけ師けいぴ","profile_background_color":"C0DEED","created_at":"Sat Jan 05 01:44:09 +0000 2013","default_profile_image":false,"followers_count":7,"profile_image_url_https":"https://si0.twimg.com/profile_images/3568719690/7cd31f627f220ac5eee58d9e97fda628_normal.jpeg","geo_enabled":false,"profile_background_image_url":"http://a0.twimg.com/images/themes/theme1/bg.png","profile_background_image_url_https":"https://si0.twimg.com/images/themes/theme1/bg.png","follow_request_sent":null,"url":"http://dclog.jp/ris_yas/","utc_offset":32400,"time_zone":"Irkutsk","notifications":null,"profile_use_background_image":true,"friends_count":19,"profile_sidebar_fill_color":"DDEEF6","screen_name":"rittan_hshs","id_str":"1061888282","profile_image_url":"http://a0.twimg.com/profile_images/3568719690/7cd31f627f220ac5eee58d9e97fda628_normal.jpeg","listed_count":0,"is_translator":false},"coordinates":null}