{"filter_level":"low","retweeted_status":{"contributors":null,"text":"Benfica Avrupa\u2019da 10 dakikadır yenilmiyor.","geo":null,"retweeted":false,"in_reply_to_screen_name":null,"truncated":false,"lang":"tr","entities":{"symbols":[],"urls":[],"hashtags":[],"user_mentions":[]},"in_reply_to_status_id_str":null,"id":327530022741102592,"source":"<a href=\"http://tapbots.com/tweetbot\" rel=\"nofollow\">Tweetbot for iOS<\/a>","in_reply_to_user_id_str":null,"favorited":false,"in_reply_to_status_id":null,"retweet_count":178,"created_at":"Thu Apr 25 21:10:17 +0000 2013","in_reply_to_user_id":null,"favorite_count":104,"id_str":"327530022741102592","place":null,"user":{"location":"İzmir","default_profile":false,"statuses_count":2644,"profile_background_tile":true,"lang":"en","profile_link_color":"1B8EB8","id":229690592,"following":null,"favourites_count":1693,"protected":false,"profile_text_color":"000000","description":"I can write my tweet with no handlebars. \n\npakiteysis@gmail.com ","verified":false,"contributors_enabled":false,"profile_sidebar_border_color":"000000","name":"Fırat Çetin","profile_background_color":"000000","created_at":"Thu Dec 23 02:27:20 +0000 2010","default_profile_image":false,"followers_count":115254,"profile_image_url_https":"https://si0.twimg.com/profile_images/2963495273/d5443b1887604ef8b705824985bfb0b0_normal.jpeg","geo_enabled":true,"profile_background_image_url":"http://a0.twimg.com/profile_background_images/748851512/1d2f721a2176200aeaacfbf0090ff8b8.jpeg","profile_background_image_url_https":"https://si0.twimg.com/profile_background_images/748851512/1d2f721a2176200aeaacfbf0090ff8b8.jpeg","follow_request_sent":null,"url":"http://about.me/pakiteysis","utc_offset":-18000,"time_zone":"Quito","notifications":null,"profile_use_background_image":true,"friends_count":139,"profile_sidebar_fill_color":"FFFFFF","screen_name":"pakiteysis","id_str":"229690592","profile_image_url":"http://a0.twimg.com/profile_images/2963495273/d5443b1887604ef8b705824985bfb0b0_normal.jpeg","listed_count":830,"is_translator":false},"coordinates":null},"contributors":null,"text":"RT @pakiteysis: Benfica Avrupa\u2019da 10 dakikadır yenilmiyor.","geo":null,"retweeted":false,"in_reply_to_screen_name":null,"truncated":false,"entities":{"symbols":[],"urls":[],"hashtags":[],"user_mentions":[{"id":229690592,"name":"Fırat Çetin","indices":[3,14],"screen_name":"pakiteysis","id_str":"229690592"}]},"in_reply_to_status_id_str":null,"id":327530791850622976,"source":"web","in_reply_to_user_id_str":null,"favorited":false,"in_reply_to_status_id":null,"retweet_count":0,"created_at":"Thu Apr 25 21:13:20 +0000 2013","in_reply_to_user_id":null,"favorite_count":0,"id_str":"327530791850622976","place":null,"user":{"location":"Roma","default_profile":false,"statuses_count":1717,"profile_background_tile":true,"lang":"tr","profile_link_color":"FF0000","profile_banner_url":"https://si0.twimg.com/profile_banners/140296885/1358373036","id":140296885,"following":null,"favourites_count":133,"protected":false,"profile_text_color":"0C3E53","description":"Yan yatarak üzüm yiyen Roma İmparatoru. ","verified":false,"contributors_enabled":false,"profile_sidebar_border_color":"FFFFFF","name":"Oğuz Akkaşoğlu","profile_background_color":"BADFCD","created_at":"Wed May 05 04:04:40 +0000 2010","default_profile_image":false,"followers_count":304,"profile_image_url_https":"https://si0.twimg.com/profile_images/3570114655/ce74875e6a4f1c043f883d5ae957cf15_normal.jpeg","geo_enabled":true,"profile_background_image_url":"http://a0.twimg.com/profile_background_images/830806212/2a390c52debcc721e349781ad7e1745d.jpeg","profile_background_image_url_https":"https://si0.twimg.com/profile_background_images/830806212/2a390c52debcc721e349781ad7e1745d.jpeg","follow_request_sent":null,"url":"https://flavors.me/oguzakkasoglu","utc_offset":-18000,"time_zone":"Quito","notifications":null,"profile_use_background_image":true,"friends_count":313,"profile_sidebar_fill_color":"FFF7CC","screen_name":"colonist_","id_str":"140296885","profile_image_url":"http://a0.twimg.com/profile_images/3570114655/ce74875e6a4f1c043f883d5ae957cf15_normal.jpeg","listed_count":0,"is_translator":false},"coordinates":null}