{"filter_level":"low","retweeted_status":{"contributors":null,"text":"\"@Scalese_: I wonder who's album is gonna be better , Kanye's or Drake's\" Drakes!!!!! RT","geo":null,"retweeted":false,"in_reply_to_screen_name":null,"truncated":false,"lang":"en","entities":{"symbols":[],"urls":[],"hashtags":[],"user_mentions":[{"id":381127492,"name":"IG: Mark__Scalese ","indices":[1,10],"screen_name":"Scalese_","id_str":"381127492"}]},"in_reply_to_status_id_str":null,"id":327528992615854081,"source":"<a href=\"http://twitter.com/download/android\" rel=\"nofollow\">Twitter for Android<\/a>","in_reply_to_user_id_str":null,"favorited":false,"in_reply_to_status_id":null,"retweet_count":3,"created_at":"Thu Apr 25 21:06:11 +0000 2013","in_reply_to_user_id":null,"favorite_count":1,"id_str":"327528992615854081","place":null,"user":{"location":"Paradise ","default_profile":false,"statuses_count":15356,"profile_background_tile":false,"lang":"es","profile_link_color":"B30000","profile_banner_url":"https://si0.twimg.com/profile_banners/336122819/1366230777","id":336122819,"following":null,"favourites_count":2457,"protected":false,"profile_text_color":"FF0808","description":"#Ovo❤ | InDrizzyWeTrust | @Drake is my mannnn | #NothingWasTheSame | Time is precious, don't waiste it. | Born sinner opposite of a winner |","verified":false,"contributors_enabled":false,"profile_sidebar_border_color":"FF121E","name":"Sussayyy. ","profile_background_color":"FF0808","created_at":"Fri Jul 15 19:38:49 +0000 2011","default_profile_image":false,"followers_count":598,"profile_image_url_https":"https://si0.twimg.com/profile_images/3539468181/07aee22db2bfaa0aec84261debe50478_normal.jpeg","geo_enabled":true,"profile_background_image_url":"http://a0.twimg.com/profile_background_images/543908900/girls-tattoo-25.jpg","profile_background_image_url_https":"https://si0.twimg.com/profile_background_images/543908900/girls-tattoo-25.jpg","follow_request_sent":null,"url":null,"utc_offset":-21600,"time_zone":"Central Time (US & Canada)","notifications":null,"profile_use_background_image":true,"friends_count":334,"profile_sidebar_fill_color":"000000","screen_name":"Sussie_Gee","id_str":"336122819","profile_image_url":"http://a0.twimg.com/profile_images/3539468181/07aee22db2bfaa0aec84261debe50478_normal.jpeg","listed_count":0,"is_translator":false},"coordinates":null},"contributors":null,"text":"RT @Sussie_Gee: \"@Scalese_: I wonder who's album is gonna be better , Kanye's or Drake's\" Drakes!!!!! RT","geo":null,"retweeted":false,"in_reply_to_screen_name":null,"truncated":false,"entities":{"symbols":[],"urls":[],"hashtags":[],"user_mentions":[{"id":336122819,"name":"Sussayyy. ","indices":[3,14],"screen_name":"Sussie_Gee","id_str":"336122819"},{"id":381127492,"name":"IG: Mark__Scalese ","indices":[17,26],"screen_name":"Scalese_","id_str":"381127492"}]},"in_reply_to_status_id_str":null,"id":327530791838023681,"source":"<a href=\"http://twitter.com/download/iphone\" rel=\"nofollow\">Twitter for iPhone<\/a>","in_reply_to_user_id_str":null,"favorited":false,"in_reply_to_status_id":null,"retweet_count":0,"created_at":"Thu Apr 25 21:13:20 +0000 2013","in_reply_to_user_id":null,"favorite_count":0,"id_str":"327530791838023681","place":null,"user":{"location":"bad luck walking these streets","default_profile":false,"statuses_count":22976,"profile_background_tile":false,"lang":"en","profile_link_color":"0099B9","profile_banner_url":"https://si0.twimg.com/profile_banners/533958979/1366755449","id":533958979,"following":null,"favourites_count":1889,"protected":false,"profile_text_color":"3C3940","description":"#TeamDominican | #TeamItalian | BurkeHighSchool because im a fag...... @Drake @Theweeknd","verified":false,"contributors_enabled":false,"profile_sidebar_border_color":"FFFFFF","name":"Amy Capellan","profile_background_color":"0099B9","created_at":"Fri Mar 23 06:41:12 +0000 2012","default_profile_image":false,"followers_count":373,"profile_image_url_https":"https://si0.twimg.com/profile_images/3529439524/ed81d647d693e97a603183fe3acfa885_normal.jpeg","geo_enabled":false,"profile_background_image_url":"http://a0.twimg.com/images/themes/theme4/bg.gif","profile_background_image_url_https":"https://si0.twimg.com/images/themes/theme4/bg.gif","follow_request_sent":null,"url":null,"utc_offset":null,"time_zone":null,"notifications":null,"profile_use_background_image":true,"friends_count":232,"profile_sidebar_fill_color":"95E8EC","screen_name":"Ayeee_Amy","id_str":"533958979","profile_image_url":"http://a0.twimg.com/profile_images/3529439524/ed81d647d693e97a603183fe3acfa885_normal.jpeg","listed_count":0,"is_translator":false},"coordinates":null}