{"filter_level":"medium","contributors":null,"text":"@sweetbela_ sdv pfvr?! &lt;3","geo":null,"retweeted":false,"in_reply_to_screen_name":"sweetbela_","truncated":false,"lang":"sv","entities":{"symbols":[],"urls":[],"hashtags":[],"user_mentions":[{"id":595647317,"name":"bela ","indices":[0,11],"screen_name":"sweetbela_","id_str":"595647317"}]},"in_reply_to_status_id_str":null,"id":327530791838035968,"source":"web","in_reply_to_user_id_str":"595647317","favorited":false,"in_reply_to_status_id":null,"retweet_count":0,"created_at":"Thu Apr 25 21:13:20 +0000 2013","in_reply_to_user_id":595647317,"favorite_count":0,"id_str":"327530791838035968","place":null,"user":{"location":"Minas Gerais","default_profile":false,"statuses_count":21608,"profile_background_tile":false,"lang":"pt","profile_link_color":"CC95B6","profile_banner_url":"https://si0.twimg.com/profile_banners/635466809/1366923458","id":635466809,"following":null,"favourites_count":214,"protected":false,"profile_text_color":"333333","description":"My greatest certainty and I love you  ","verified":false,"contributors_enabled":false,"profile_sidebar_border_color":"FFFFFF","name":"Fernanda","profile_background_color":"FFFFFF","created_at":"Sat Jul 14 15:46:57 +0000 2012","default_profile_image":false,"followers_count":2300,"profile_image_url_https":"https://si0.twimg.com/profile_images/3574420123/6e21a3c9330ec0afcc7d3453c9e5e77c_normal.png","geo_enabled":true,"profile_background_image_url":"http://a0.twimg.com/profile_background_images/852339921/bfa281c660312efb1e919e827faa4e96.jpeg","profile_background_image_url_https":"https://si0.twimg.com/profile_background_images/852339921/bfa281c660312efb1e919e827faa4e96.jpeg","follow_request_sent":null,"url":"http://pleaselumel.tumblr.com/","utc_offset":-10800,"time_zone":"Brasilia","notifications":null,"profile_use_background_image":true,"friends_count":1759,"profile_sidebar_fill_color":"DDEEF6","screen_name":"MundoLuMelPhia","id_str":"635466809","profile_image_url":"http://a0.twimg.com/profile_images/3574420123/6e21a3c9330ec0afcc7d3453c9e5e77c_normal.png","listed_count":1,"is_translator":false},"coordinates":null}