{"filter_level":"medium","contributors":null,"text":"i prefer ppl that dont care about secret than ppl who force themselves 2 like them just bc they're under ts n wit bap http://t.co/c91lt7xuVU","geo":null,"retweeted":false,"in_reply_to_screen_name":null,"possibly_sensitive":false,"truncated":false,"lang":"en","entities":{"symbols":[],"urls":[{"expanded_url":"http://bapconfess.tumblr.com/post/48876046821/not-everyone-in-the-fandom-ships-secret-and-bap","indices":[118,140],"display_url":"bapconfess.tumblr.com/post/488760468\u2026","url":"http://t.co/c91lt7xuVU"}],"hashtags":[],"user_mentions":[]},"in_reply_to_status_id_str":null,"id":327530791863201793,"source":"<a href=\"http://www.tweetdeck.com\" rel=\"nofollow\">TweetDeck<\/a>","in_reply_to_user_id_str":null,"favorited":false,"in_reply_to_status_id":null,"retweet_count":0,"created_at":"Thu Apr 25 21:13:20 +0000 2013","in_reply_to_user_id":null,"favorite_count":0,"id_str":"327530791863201793","place":null,"user":{"location":"#sia","default_profile":true,"statuses_count":11862,"profile_background_tile":false,"lang":"en","profile_link_color":"0084B4","profile_banner_url":"https://si0.twimg.com/profile_banners/1161460524/1365003612","id":1161460524,"following":null,"favourites_count":7249,"protected":false,"profile_text_color":"333333","description":"bia peein in the buildin","verified":false,"contributors_enabled":false,"profile_sidebar_border_color":"C0DEED","name":"bia","profile_background_color":"C0DEED","created_at":"Fri Feb 08 23:24:47 +0000 2013","default_profile_image":false,"followers_count":484,"profile_image_url_https":"https://si0.twimg.com/profile_images/3471372855/d585f6b158387479890aa042990be5f7_normal.gif","geo_enabled":false,"profile_background_image_url":"http://a0.twimg.com/images/themes/theme1/bg.png","profile_background_image_url_https":"https://si0.twimg.com/images/themes/theme1/bg.png","follow_request_sent":null,"url":"http://bangyongguks.tumblr.com","utc_offset":0,"time_zone":"London","notifications":null,"profile_use_background_image":true,"friends_count":231,"profile_sidebar_fill_color":"DDEEF6","screen_name":"ynggk","id_str":"1161460524","profile_image_url":"http://a0.twimg.com/profile_images/3471372855/d585f6b158387479890aa042990be5f7_normal.gif","listed_count":0,"is_translator":false},"coordinates":null}