{"filter_level":"medium","contributors":null,"text":"que vieja mas rompe bola se primero no le gustaba la bolsa desp el moño lo queria de otro color desp queria estiker nose que ROMPEBOLAAAA","geo":null,"retweeted":false,"in_reply_to_screen_name":null,"truncated":false,"lang":"es","entities":{"symbols":[],"urls":[],"hashtags":[],"user_mentions":[]},"in_reply_to_status_id_str":null,"id":327530787664715778,"source":"web","in_reply_to_user_id_str":null,"favorited":false,"in_reply_to_status_id":null,"retweet_count":0,"created_at":"Thu Apr 25 21:13:19 +0000 2013","in_reply_to_user_id":null,"favorite_count":0,"id_str":"327530787664715778","place":null,"user":{"location":"","default_profile":false,"statuses_count":188,"profile_background_tile":true,"lang":"es","profile_link_color":"0084B4","profile_banner_url":"https://si0.twimg.com/profile_banners/1372567651/1366749115","id":1372567651,"following":null,"favourites_count":2,"protected":false,"profile_text_color":"333333","description":null,"verified":false,"contributors_enabled":false,"profile_sidebar_border_color":"FFFFFF","name":"贝伦激情♥贝伦激情","profile_background_color":"C0DEED","created_at":"Mon Apr 22 16:43:15 +0000 2013","default_profile_image":false,"followers_count":24,"profile_image_url_https":"https://si0.twimg.com/profile_images/3565934704/a297089b361767e6784a52ef4fbff221_normal.jpeg","geo_enabled":false,"profile_background_image_url":"http://a0.twimg.com/profile_background_images/850619979/ec4f6d91254269547045c649c51f5411.jpeg","profile_background_image_url_https":"https://si0.twimg.com/profile_background_images/850619979/ec4f6d91254269547045c649c51f5411.jpeg","follow_request_sent":null,"url":null,"utc_offset":-10800,"time_zone":"Brasilia","notifications":null,"profile_use_background_image":true,"friends_count":81,"profile_sidebar_fill_color":"DDEEF6","screen_name":"wipuuu1","id_str":"1372567651","profile_image_url":"http://a0.twimg.com/profile_images/3565934704/a297089b361767e6784a52ef4fbff221_normal.jpeg","listed_count":0,"is_translator":false},"coordinates":null}