{"filter_level":"medium","contributors":null,"text":"A guria deu pra trás mano, ficou com medo! PQP","geo":null,"retweeted":false,"in_reply_to_screen_name":null,"truncated":false,"lang":"pt","entities":{"symbols":[],"urls":[],"hashtags":[],"user_mentions":[]},"in_reply_to_status_id_str":null,"id":327530791850631170,"source":"web","in_reply_to_user_id_str":null,"favorited":false,"in_reply_to_status_id":null,"retweet_count":0,"created_at":"Thu Apr 25 21:13:20 +0000 2013","in_reply_to_user_id":null,"favorite_count":0,"id_str":"327530791850631170","place":{"id":"5722ff20ba67083b","bounding_box":{"type":"Polygon","coordinates":[[[-48.285982,-16.0524045],[-48.285982,-15.500191999999998],[-47.307263999999996,-15.500191999999998],[-47.307263999999996,-16.0524045]]]},"place_type":"city","name":"Brasília","attributes":{},"country_code":"BR","url":"http://api.twitter.com/1/geo/id/5722ff20ba67083b.json","country":"Brasil","full_name":"Brasília, Distrito Federal"},"user":{"location":"City of Evil ","default_profile":false,"statuses_count":2571,"profile_background_tile":true,"lang":"en","profile_link_color":"CC3366","profile_banner_url":"https://si0.twimg.com/profile_banners/223584906/1366649572","id":223584906,"following":null,"favourites_count":64,"protected":false,"profile_text_color":"333333","description":"João de Barro eu te entendo agora, por favor me ensina como guardar meu amor!","verified":false,"contributors_enabled":false,"profile_sidebar_border_color":"000000","name":"nath ✌","profile_background_color":"DBE9ED","created_at":"Mon Dec 06 20:00:07 +0000 2010","default_profile_image":false,"followers_count":192,"profile_image_url_https":"https://si0.twimg.com/profile_images/3538331389/e39392e35738fbdad91d132ffb3b918b_normal.jpeg","geo_enabled":true,"profile_background_image_url":"http://a0.twimg.com/profile_background_images/849753106/afd9a13e493b99367e9cd911ef4fc413.jpeg","profile_background_image_url_https":"https://si0.twimg.com/profile_background_images/849753106/afd9a13e493b99367e9cd911ef4fc413.jpeg","follow_request_sent":null,"url":"http://www.facebook.com/nathaly153","utc_offset":-14400,"time_zone":"Santiago","notifications":null,"profile_use_background_image":true,"friends_count":102,"profile_sidebar_fill_color":"F3F3F3","screen_name":"kisses_nbs","id_str":"223584906","profile_image_url":"http://a0.twimg.com/profile_images/3538331389/e39392e35738fbdad91d132ffb3b918b_normal.jpeg","listed_count":0,"is_translator":false},"coordinates":null}