{"filter_level":"medium","contributors":null,"text":"T'es tunisien tu fait pas des tartine d'harissa !? #TuTeFousDeLaGueuleDeQui","geo":null,"retweeted":false,"in_reply_to_screen_name":null,"truncated":false,"lang":"fr","entities":{"symbols":[],"urls":[],"hashtags":[{"text":"TuTeFousDeLaGueuleDeQui","indices":[51,75]}],"user_mentions":[]},"in_reply_to_status_id_str":null,"id":327530791859015681,"source":"<a href=\"http://twitter.com/download/android\" rel=\"nofollow\">Twitter for Android<\/a>","in_reply_to_user_id_str":null,"favorited":false,"in_reply_to_status_id":null,"retweet_count":0,"created_at":"Thu Apr 25 21:13:20 +0000 2013","in_reply_to_user_id":null,"favorite_count":0,"id_str":"327530791859015681","place":null,"user":{"location":"","default_profile":false,"statuses_count":35031,"profile_background_tile":false,"lang":"fr","profile_link_color":"4F595C","id":574154874,"following":null,"favourites_count":2190,"protected":false,"profile_text_color":"666666","description":"Follow si t'en as l'envie je Follow Back si t'en vaux la peine. ","verified":false,"contributors_enabled":false,"profile_sidebar_border_color":"000000","name":"Karii_____","profile_background_color":"1A1B1F","created_at":"Tue May 08 00:23:32 +0000 2012","default_profile_image":false,"followers_count":610,"profile_image_url_https":"https://si0.twimg.com/profile_images/3564551388/883ff96bf7928da42faee609b031bd56_normal.jpeg","geo_enabled":true,"profile_background_image_url":"http://a0.twimg.com/images/themes/theme9/bg.gif","profile_background_image_url_https":"https://si0.twimg.com/images/themes/theme9/bg.gif","follow_request_sent":null,"url":null,"utc_offset":3600,"time_zone":"Paris","notifications":null,"profile_use_background_image":true,"friends_count":109,"profile_sidebar_fill_color":"252429","screen_name":"Karii_____","id_str":"574154874","profile_image_url":"http://a0.twimg.com/profile_images/3564551388/883ff96bf7928da42faee609b031bd56_normal.jpeg","listed_count":1,"is_translator":false},"coordinates":null}