{"filter_level":"low","retweeted_status":{"contributors":null,"text":"Μην τα βλέπετε ολα μαύρα..\nκαπνίστε τα..","geo":null,"retweeted":false,"in_reply_to_screen_name":null,"truncated":false,"lang":"el","entities":{"symbols":[],"urls":[],"hashtags":[],"user_mentions":[]},"in_reply_to_status_id_str":null,"id":326676066951389184,"source":"<a href=\"http://twitter.com/download/iphone\" rel=\"nofollow\">Twitter for iPhone<\/a>","in_reply_to_user_id_str":null,"favorited":false,"in_reply_to_status_id":null,"retweet_count":158,"created_at":"Tue Apr 23 12:36:58 +0000 2013","in_reply_to_user_id":null,"favorite_count":123,"id_str":"326676066951389184","place":null,"user":{"location":"Αυνανιστάν","default_profile":false,"statuses_count":15957,"profile_background_tile":false,"lang":"en","profile_link_color":"009999","profile_banner_url":"https://si0.twimg.com/profile_banners/578178940/1351250002","id":578178940,"following":null,"favourites_count":29662,"protected":false,"profile_text_color":"333333","description":"χαβαλέ κάνουμε,λεμε παπαριές κ επιβραβεύουμε τις καλυτερες...","verified":false,"contributors_enabled":false,"profile_sidebar_border_color":"FFFFFF","name":"Τζων Αυλακιώτης ","profile_background_color":"131516","created_at":"Sat May 12 16:01:56 +0000 2012","default_profile_image":false,"followers_count":6976,"profile_image_url_https":"https://si0.twimg.com/profile_images/3475598482/a6a8889b75e9f2b6f143b9b7d2d8f791_normal.jpeg","geo_enabled":true,"profile_background_image_url":"http://a0.twimg.com/profile_background_images/699398943/69fe1a8871da8d7ecc7164312e50b415.jpeg","profile_background_image_url_https":"https://si0.twimg.com/profile_background_images/699398943/69fe1a8871da8d7ecc7164312e50b415.jpeg","follow_request_sent":null,"url":"http://favstar.fm/users/tbaklavas","utc_offset":7200,"time_zone":"Athens","notifications":null,"profile_use_background_image":true,"friends_count":2539,"profile_sidebar_fill_color":"EFEFEF","screen_name":"tbaklavas","id_str":"578178940","profile_image_url":"http://a0.twimg.com/profile_images/3475598482/a6a8889b75e9f2b6f143b9b7d2d8f791_normal.jpeg","listed_count":237,"is_translator":false},"coordinates":null},"contributors":null,"text":"RT @tbaklavas: Μην τα βλέπετε ολα μαύρα..\nκαπνίστε τα..","geo":null,"retweeted":false,"in_reply_to_screen_name":null,"truncated":false,"entities":{"symbols":[],"urls":[],"hashtags":[],"user_mentions":[{"id":578178940,"name":"Τζων Αυλακιώτης ","indices":[3,13],"screen_name":"tbaklavas","id_str":"578178940"}]},"in_reply_to_status_id_str":null,"id":327530791858999296,"source":"web","in_reply_to_user_id_str":null,"favorited":false,"in_reply_to_status_id":null,"retweet_count":0,"created_at":"Thu Apr 25 21:13:20 +0000 2013","in_reply_to_user_id":null,"favorite_count":0,"id_str":"327530791858999296","place":null,"user":{"location":"Κρήτη","default_profile":false,"statuses_count":22279,"profile_background_tile":true,"lang":"en","profile_link_color":"E30410","profile_banner_url":"https://si0.twimg.com/profile_banners/102391647/1354405281","id":102391647,"following":null,"favourites_count":3397,"protected":false,"profile_text_color":"333333","description":"ανώριμος αλκοολικός, καλό παιδί με κακές συνήθειες. η μαμά μου με φωνάζει ρεμάλι.","verified":false,"contributors_enabled":false,"profile_sidebar_border_color":"FFFFFF","name":"ο Σπύρος ο Τζερ","profile_background_color":"131516","created_at":"Wed Jan 06 14:57:22 +0000 2010","default_profile_image":false,"followers_count":4345,"profile_image_url_https":"https://si0.twimg.com/profile_images/3169299233/107a7ce76ef93051761e8d0f5c2568c1_normal.jpeg","geo_enabled":true,"profile_background_image_url":"http://a0.twimg.com/profile_background_images/723171095/206a08e31720ca308fed92b48579159e.jpeg","profile_background_image_url_https":"https://si0.twimg.com/profile_background_images/723171095/206a08e31720ca308fed92b48579159e.jpeg","follow_request_sent":null,"url":"http://favstar.fm/users/DumSpiroInspiro","utc_offset":-10800,"time_zone":"Greenland","notifications":null,"profile_use_background_image":true,"friends_count":1737,"profile_sidebar_fill_color":"EFEFEF","screen_name":"DumSpiroInspiro","id_str":"102391647","profile_image_url":"http://a0.twimg.com/profile_images/3169299233/107a7ce76ef93051761e8d0f5c2568c1_normal.jpeg","listed_count":88,"is_translator":false},"coordinates":null}