{"filter_level":"medium","contributors":null,"text":"Railing:  http://t.co/hsSh3Dw3jG","geo":null,"retweeted":false,"in_reply_to_screen_name":null,"possibly_sensitive":false,"truncated":false,"lang":"en","entities":{"symbols":[],"urls":[{"expanded_url":"http://bit.ly/17YypjY","indices":[10,32],"display_url":"bit.ly/17YypjY","url":"http://t.co/hsSh3Dw3jG"}],"hashtags":[],"user_mentions":[]},"in_reply_to_status_id_str":null,"id":327530791859003394,"source":"<a href=\"http://twitterfeed.com\" rel=\"nofollow\">twitterfeed<\/a>","in_reply_to_user_id_str":null,"favorited":false,"in_reply_to_status_id":null,"retweet_count":0,"created_at":"Thu Apr 25 21:13:20 +0000 2013","in_reply_to_user_id":null,"favorite_count":0,"id_str":"327530791859003394","place":null,"user":{"location":"","default_profile":false,"statuses_count":2775,"profile_background_tile":false,"lang":"en","profile_link_color":"660F63","id":129309490,"following":null,"favourites_count":0,"protected":false,"profile_text_color":"333333","description":null,"verified":false,"contributors_enabled":false,"profile_sidebar_border_color":"FFFFFF","name":"Pornologist","profile_background_color":"FFFFFF","created_at":"Sat Apr 03 21:54:17 +0000 2010","default_profile_image":true,"followers_count":39,"profile_image_url_https":"https://si0.twimg.com/sticky/default_profile_images/default_profile_2_normal.png","geo_enabled":true,"profile_background_image_url":"http://a0.twimg.com/profile_background_images/104159082/pornologists2d.jpg","profile_background_image_url_https":"https://si0.twimg.com/profile_background_images/104159082/pornologists2d.jpg","follow_request_sent":null,"url":null,"utc_offset":-18000,"time_zone":"Quito","notifications":null,"profile_use_background_image":true,"friends_count":56,"profile_sidebar_fill_color":"F5F2F2","screen_name":"pornologist","id_str":"129309490","profile_image_url":"http://a0.twimg.com/sticky/default_profile_images/default_profile_2_normal.png","listed_count":0,"is_translator":false},"coordinates":null}