{"filter_level":"low","retweeted_status":{"contributors":null,"text":"Gol Luiz di Injury Time Menangkan Chelsea http://t.co/blRK2rIeds","geo":null,"retweeted":false,"in_reply_to_screen_name":null,"possibly_sensitive":false,"truncated":false,"lang":"id","entities":{"symbols":[],"urls":[{"expanded_url":"http://de.tk/nwcHc","indices":[42,64],"display_url":"de.tk/nwcHc","url":"http://t.co/blRK2rIeds"}],"hashtags":[],"user_mentions":[]},"in_reply_to_status_id_str":null,"id":327529826334408705,"source":"<a href=\"http://twitter.com/tweetbutton\" rel=\"nofollow\">Tweet Button<\/a>","in_reply_to_user_id_str":null,"favorited":false,"in_reply_to_status_id":null,"retweet_count":41,"created_at":"Thu Apr 25 21:09:30 +0000 2013","in_reply_to_user_id":null,"favorite_count":1,"id_str":"327529826334408705","place":null,"user":{"location":"Jakarta","default_profile":false,"statuses_count":80176,"profile_background_tile":false,"lang":"en","profile_link_color":"1B9BC2","profile_banner_url":"https://si0.twimg.com/profile_banners/135783107/1356083968","id":135783107,"following":null,"favourites_count":90,"protected":false,"profile_text_color":"333333","description":"Akun resmi situs berita olahraga \t\r Contact: redaksi@detiksport.com | info@detiksport.com | promosi@detik.com\r ","verified":false,"contributors_enabled":false,"profile_sidebar_border_color":"707070","name":"detiksport","profile_background_color":"FF0000","created_at":"Thu Apr 22 06:54:14 +0000 2010","default_profile_image":false,"followers_count":692124,"profile_image_url_https":"https://si0.twimg.com/profile_images/1878721356/detiksport_normal.jpg","geo_enabled":true,"profile_background_image_url":"http://a0.twimg.com/profile_background_images/536202818/twitter_sport2.jpg","profile_background_image_url_https":"https://si0.twimg.com/profile_background_images/536202818/twitter_sport2.jpg","follow_request_sent":null,"url":"http://www.detiksport.com","utc_offset":25200,"time_zone":"Jakarta","notifications":null,"profile_use_background_image":true,"friends_count":156,"profile_sidebar_fill_color":"CCCCCC","screen_name":"detiksport","id_str":"135783107","profile_image_url":"http://a0.twimg.com/profile_images/1878721356/detiksport_normal.jpg","listed_count":1547,"is_translator":false},"coordinates":null},"contributors":null,"text":"RT @detiksport: Gol Luiz di Injury Time Menangkan Chelsea http://t.co/blRK2rIeds","geo":null,"retweeted":false,"in_reply_to_screen_name":null,"possibly_sensitive":false,"truncated":false,"entities":{"symbols":[],"urls":[{"expanded_url":"http://de.tk/nwcHc","indices":[58,80],"display_url":"de.tk/nwcHc","url":"http://t.co/blRK2rIeds"}],"hashtags":[],"user_mentions":[{"id":135783107,"name":"detiksport","indices":[3,14],"screen_name":"detiksport","id_str":"135783107"}]},"in_reply_to_status_id_str":null,"id":327530791833845762,"source":"<a href=\"http://blackberry.com/twitter\" rel=\"nofollow\">Twitter for BlackBerry®<\/a>","in_reply_to_user_id_str":null,"favorited":false,"in_reply_to_status_id":null,"retweet_count":0,"created_at":"Thu Apr 25 21:13:20 +0000 2013","in_reply_to_user_id":null,"favorite_count":0,"id_str":"327530791833845762","place":null,"user":{"location":"SMA Negeri 16 Surabaya","default_profile":true,"statuses_count":7959,"profile_background_tile":false,"lang":"en","profile_link_color":"0084B4","id":456807038,"following":null,"favourites_count":0,"protected":false,"profile_text_color":"333333","description":"#CFC #KTBFFH #FrankLampard","verified":false,"contributors_enabled":false,"profile_sidebar_border_color":"C0DEED","name":"Rico Ferdiansyah","profile_background_color":"C0DEED","created_at":"Fri Jan 06 17:47:10 +0000 2012","default_profile_image":false,"followers_count":236,"profile_image_url_https":"https://si0.twimg.com/profile_images/3566168826/064a97981cae186b82f8de3b8818c5d7_normal.jpeg","geo_enabled":false,"profile_background_image_url":"http://a0.twimg.com/images/themes/theme1/bg.png","profile_background_image_url_https":"https://si0.twimg.com/images/themes/theme1/bg.png","follow_request_sent":null,"url":null,"utc_offset":null,"time_zone":null,"notifications":null,"profile_use_background_image":true,"friends_count":208,"profile_sidebar_fill_color":"DDEEF6","screen_name":"ricferdian","id_str":"456807038","profile_image_url":"http://a0.twimg.com/profile_images/3566168826/064a97981cae186b82f8de3b8818c5d7_normal.jpeg","listed_count":0,"is_translator":false},"coordinates":null}