{"filter_level":"medium","contributors":null,"text":"I Heard You Paint Houses: Frank \"The Irishman\" Sheeran and the Inside Story of the Mafia, the Teamsters, and the L http://t.co/ZhZ4igO1uf","geo":null,"retweeted":false,"in_reply_to_screen_name":null,"possibly_sensitive":false,"truncated":false,"lang":"en","entities":{"symbols":[],"urls":[{"expanded_url":"http://twitpic.com/clwg3l","indices":[115,137],"display_url":"twitpic.com/clwg3l","url":"http://t.co/ZhZ4igO1uf"}],"hashtags":[],"user_mentions":[]},"in_reply_to_status_id_str":null,"id":327530791863214080,"source":"<a href=\"http://twitpic.com\" rel=\"nofollow\">Twitpic<\/a>","in_reply_to_user_id_str":null,"favorited":false,"in_reply_to_status_id":null,"retweet_count":0,"created_at":"Thu Apr 25 21:13:20 +0000 2013","in_reply_to_user_id":null,"favorite_count":0,"id_str":"327530791863214080","place":null,"user":{"location":"","default_profile":true,"statuses_count":13,"profile_background_tile":false,"lang":"en","profile_link_color":"0084B4","id":1243279555,"following":null,"favourites_count":0,"protected":false,"profile_text_color":"333333","description":null,"verified":false,"contributors_enabled":false,"profile_sidebar_border_color":"C0DEED","name":"Михаил Крылов","profile_background_color":"C0DEED","created_at":"Tue Mar 05 09:04:14 +0000 2013","default_profile_image":true,"followers_count":1,"profile_image_url_https":"https://si0.twimg.com/sticky/default_profile_images/default_profile_0_normal.png","geo_enabled":false,"profile_background_image_url":"http://a0.twimg.com/images/themes/theme1/bg.png","profile_background_image_url_https":"https://si0.twimg.com/images/themes/theme1/bg.png","follow_request_sent":null,"url":null,"utc_offset":null,"time_zone":null,"notifications":null,"profile_use_background_image":true,"friends_count":0,"profile_sidebar_fill_color":"DDEEF6","screen_name":"mihail_kr_20714","id_str":"1243279555","profile_image_url":"http://a0.twimg.com/sticky/default_profile_images/default_profile_0_normal.png","listed_count":0,"is_translator":false},"coordinates":null}