{"filter_level":"medium","contributors":null,"text":"VAMOSSSS!!!!!","geo":null,"retweeted":false,"in_reply_to_screen_name":null,"truncated":false,"lang":"es","entities":{"symbols":[],"urls":[],"hashtags":[],"user_mentions":[]},"in_reply_to_status_id_str":null,"id":327530791850631168,"source":"<a href=\"http://twitter.com/download/android\" rel=\"nofollow\">Twitter for Android<\/a>","in_reply_to_user_id_str":null,"favorited":false,"in_reply_to_status_id":null,"retweet_count":0,"created_at":"Thu Apr 25 21:13:20 +0000 2013","in_reply_to_user_id":null,"favorite_count":0,"id_str":"327530791850631168","place":null,"user":{"location":"Aljaraque-Huelva","default_profile":false,"statuses_count":2546,"profile_background_tile":false,"lang":"es","profile_link_color":"0084B4","profile_banner_url":"https://si0.twimg.com/profile_banners/738556542/1365780595","id":738556542,"following":null,"favourites_count":593,"protected":false,"profile_text_color":"333333","description":"Dando por culo desde 1998. MY VIDA EL BALONCESTO. Bastante celosa, Lo k es mio no se toca .Un sueño?¿:                                              TOMORROWLAND","verified":false,"contributors_enabled":false,"profile_sidebar_border_color":"FFFFFF","name":"MAR GARCIA!♥∞","profile_background_color":"9AE4E8","created_at":"Sun Aug 05 13:08:11 +0000 2012","default_profile_image":false,"followers_count":368,"profile_image_url_https":"https://si0.twimg.com/profile_images/3521273202/5548f26f4c189375fc5c1f2bcc90ef47_normal.jpeg","geo_enabled":true,"profile_background_image_url":"http://a0.twimg.com/profile_background_images/818065513/1064c35a080eb7ad33d3fdb437cd9cc6.jpeg","profile_background_image_url_https":"https://si0.twimg.com/profile_background_images/818065513/1064c35a080eb7ad33d3fdb437cd9cc6.jpeg","follow_request_sent":null,"url":"http://ask.fm/Marciita","utc_offset":7200,"time_zone":"Athens","notifications":null,"profile_use_background_image":true,"friends_count":791,"profile_sidebar_fill_color":"DDFFCC","screen_name":"MarGarciaH13","id_str":"738556542","profile_image_url":"http://a0.twimg.com/profile_images/3521273202/5548f26f4c189375fc5c1f2bcc90ef47_normal.jpeg","listed_count":0,"is_translator":false},"coordinates":null}