{"filter_level":"medium","contributors":null,"text":"The book you don't read won't help. ~ Jim Rohn","geo":null,"retweeted":false,"in_reply_to_screen_name":null,"truncated":false,"lang":"en","entities":{"symbols":[],"urls":[],"hashtags":[],"user_mentions":[]},"in_reply_to_status_id_str":null,"id":327530791867412481,"source":"<a href=\"http://twitterfeed.com\" rel=\"nofollow\">twitterfeed<\/a>","in_reply_to_user_id_str":null,"favorited":false,"in_reply_to_status_id":null,"retweet_count":0,"created_at":"Thu Apr 25 21:13:20 +0000 2013","in_reply_to_user_id":null,"favorite_count":0,"id_str":"327530791867412481","place":null,"user":{"location":"","default_profile":false,"statuses_count":228,"profile_background_tile":true,"lang":"en","profile_link_color":"0084B4","profile_banner_url":"https://si0.twimg.com/profile_banners/1347092113/1366160206","id":1347092113,"following":null,"favourites_count":0,"protected":false,"profile_text_color":"333333","description":"Weight Loss solutions, programs, experience. Articles, supplements, books, new effective ways. Everything useful & hot about weight loss","verified":false,"contributors_enabled":false,"profile_sidebar_border_color":"FFFFFF","name":"ALI HIRIF","profile_background_color":"C0DEED","created_at":"Fri Apr 12 15:31:34 +0000 2013","default_profile_image":false,"followers_count":375,"profile_image_url_https":"https://si0.twimg.com/profile_images/3511335947/2d93c1d410c7ecab493a82c038918eeb_normal.jpeg","geo_enabled":false,"profile_background_image_url":"http://a0.twimg.com/profile_background_images/845166929/0cb6d8edac2e2255cd19605b8f78c985.jpeg","profile_background_image_url_https":"https://si0.twimg.com/profile_background_images/845166929/0cb6d8edac2e2255cd19605b8f78c985.jpeg","follow_request_sent":null,"url":"http://quickinformations.blogspot.com/","utc_offset":0,"time_zone":"Casablanca","notifications":null,"profile_use_background_image":true,"friends_count":64,"profile_sidebar_fill_color":"DDEEF6","screen_name":"ALIHIRIF","id_str":"1347092113","profile_image_url":"http://a0.twimg.com/profile_images/3511335947/2d93c1d410c7ecab493a82c038918eeb_normal.jpeg","listed_count":0,"is_translator":false},"coordinates":null}