{"filter_level":"medium","contributors":null,"text":"@FurkanCaliskaan Bide milli olurkene jbsakbfsdkbjf","geo":null,"retweeted":false,"in_reply_to_screen_name":"FurkanCaliskaan","truncated":false,"lang":"sv","entities":{"symbols":[],"urls":[],"hashtags":[],"user_mentions":[{"id":522556754,"name":"Furkan Çalışkan","indices":[0,16],"screen_name":"FurkanCaliskaan","id_str":"522556754"}]},"in_reply_to_status_id_str":"327530572941496320","id":327530791859015680,"source":"web","in_reply_to_user_id_str":"522556754","favorited":false,"in_reply_to_status_id":327530572941496320,"retweet_count":0,"created_at":"Thu Apr 25 21:13:20 +0000 2013","in_reply_to_user_id":522556754,"favorite_count":0,"id_str":"327530791859015680","place":null,"user":{"location":"İstanbul Üsküdar","default_profile":false,"statuses_count":1508,"profile_background_tile":true,"lang":"tr","profile_link_color":"AB6C0D","profile_banner_url":"https://si0.twimg.com/profile_banners/345117576/1364013596","id":345117576,"following":null,"favourites_count":5,"protected":false,"profile_text_color":"333333","description":"ultrAslan BeeeHaşşş ! \r\n\r\n\r\n","verified":false,"contributors_enabled":false,"profile_sidebar_border_color":"FFFFFF","name":"Mustafa Gültekin","profile_background_color":"ACDED6","created_at":"Sat Jul 30 02:48:03 +0000 2011","default_profile_image":false,"followers_count":165,"profile_image_url_https":"https://si0.twimg.com/profile_images/3563858047/27d4e6ccb1ab60b985bb734698c871af_normal.jpeg","geo_enabled":false,"profile_background_image_url":"http://a0.twimg.com/profile_background_images/849989433/f679bd9e01ccb96730dccc3f4d5d66d5.jpeg","profile_background_image_url_https":"https://si0.twimg.com/profile_background_images/849989433/f679bd9e01ccb96730dccc3f4d5d66d5.jpeg","follow_request_sent":null,"url":null,"utc_offset":7200,"time_zone":"Athens","notifications":null,"profile_use_background_image":true,"friends_count":109,"profile_sidebar_fill_color":"A0C5C7","screen_name":"MusstafaGultekn","id_str":"345117576","profile_image_url":"http://a0.twimg.com/profile_images/3563858047/27d4e6ccb1ab60b985bb734698c871af_normal.jpeg","listed_count":0,"is_translator":false},"coordinates":null}