{"filter_level":"medium","contributors":null,"text":"اللهم صل وسلم على حبيبك محمد ❤","geo":null,"retweeted":false,"in_reply_to_screen_name":null,"truncated":false,"lang":"ar","entities":{"symbols":[],"urls":[],"hashtags":[],"user_mentions":[]},"in_reply_to_status_id_str":null,"id":327530791842246656,"source":"<a href=\"http://twitter.com/download/iphone\" rel=\"nofollow\">Twitter for iPhone<\/a>","in_reply_to_user_id_str":null,"favorited":false,"in_reply_to_status_id":null,"retweet_count":0,"created_at":"Thu Apr 25 21:13:20 +0000 2013","in_reply_to_user_id":null,"favorite_count":0,"id_str":"327530791842246656","place":null,"user":{"location":"","default_profile":true,"statuses_count":23,"profile_background_tile":false,"lang":"ar","profile_link_color":"0084B4","id":1379793822,"following":null,"favourites_count":0,"protected":false,"profile_text_color":"333333","description":null,"verified":false,"contributors_enabled":false,"profile_sidebar_border_color":"C0DEED","name":"اذكار وادعيه","profile_background_color":"C0DEED","created_at":"Thu Apr 25 16:12:26 +0000 2013","default_profile_image":false,"followers_count":9,"profile_image_url_https":"https://si0.twimg.com/profile_images/3573817182/70480affe404cc48885ef04f352d786b_normal.jpeg","geo_enabled":false,"profile_background_image_url":"http://a0.twimg.com/images/themes/theme1/bg.png","profile_background_image_url_https":"https://si0.twimg.com/images/themes/theme1/bg.png","follow_request_sent":null,"url":null,"utc_offset":null,"time_zone":null,"notifications":null,"profile_use_background_image":true,"friends_count":36,"profile_sidebar_fill_color":"DDEEF6","screen_name":"memeothman1","id_str":"1379793822","profile_image_url":"http://a0.twimg.com/profile_images/3573817182/70480affe404cc48885ef04f352d786b_normal.jpeg","listed_count":0,"is_translator":false},"coordinates":null}