{"filter_level":"medium","contributors":null,"text":"J'ai garder #Facebook parce que vous me l'avez demander ! @AuroreAynard @Manare34","geo":null,"retweeted":false,"in_reply_to_screen_name":null,"truncated":false,"lang":"fr","entities":{"symbols":[],"urls":[],"hashtags":[{"text":"Facebook","indices":[12,21]}],"user_mentions":[{"id":592025473,"name":"Aurore ","indices":[58,71],"screen_name":"AuroreAynard","id_str":"592025473"},{"id":322392677,"name":"Peacee","indices":[72,81],"screen_name":"Manare34","id_str":"322392677"}]},"in_reply_to_status_id_str":null,"id":327530791854804993,"source":"web","in_reply_to_user_id_str":null,"favorited":false,"in_reply_to_status_id":null,"retweet_count":0,"created_at":"Thu Apr 25 21:13:20 +0000 2013","in_reply_to_user_id":null,"favorite_count":0,"id_str":"327530791854804993","place":null,"user":{"location":"montpellier","default_profile":false,"statuses_count":5859,"profile_background_tile":true,"lang":"fr","profile_link_color":"9E0894","profile_banner_url":"https://si0.twimg.com/profile_banners/1043467202/1366476289","id":1043467202,"following":null,"favourites_count":86,"protected":false,"profile_text_color":"362720","description":"#TeamRihanna #TeamNavy #TeamAdrianaLIMA #TeamPSG ","verified":false,"contributors_enabled":false,"profile_sidebar_border_color":"FFFFFF","name":"Shhh...Rourou...","profile_background_color":"9507B8","created_at":"Sat Dec 29 00:25:36 +0000 2012","default_profile_image":false,"followers_count":131,"profile_image_url_https":"https://si0.twimg.com/profile_images/3465578535/59648727beddc44c5b61b02edae0a818_normal.jpeg","geo_enabled":true,"profile_background_image_url":"http://a0.twimg.com/profile_background_images/847145098/5c3c1e7fbc74e91b64b8454eff31626c.jpeg","profile_background_image_url_https":"https://si0.twimg.com/profile_background_images/847145098/5c3c1e7fbc74e91b64b8454eff31626c.jpeg","follow_request_sent":null,"url":null,"utc_offset":null,"time_zone":null,"notifications":null,"profile_use_background_image":true,"friends_count":738,"profile_sidebar_fill_color":"E5507E","screen_name":"fentychuck","id_str":"1043467202","profile_image_url":"http://a0.twimg.com/profile_images/3465578535/59648727beddc44c5b61b02edae0a818_normal.jpeg","listed_count":4,"is_translator":false},"coordinates":null}