{"filter_level":"medium","contributors":null,"text":"Selamatkan Lansia Taiwan, TKI Sarini Dipuji Pemerintah Setempat http://t.co/cqP8JOSb2p #EverythingAtOnce","geo":null,"retweeted":false,"in_reply_to_screen_name":null,"possibly_sensitive":false,"truncated":false,"lang":"id","entities":{"symbols":[],"urls":[{"expanded_url":"http://bit.ly/14eIhJP","indices":[64,86],"display_url":"bit.ly/14eIhJP","url":"http://t.co/cqP8JOSb2p"}],"hashtags":[{"text":"EverythingAtOnce","indices":[87,104]}],"user_mentions":[]},"in_reply_to_status_id_str":null,"id":327530791838035969,"source":"<a href=\"http://twitterfeed.com\" rel=\"nofollow\">twitterfeed<\/a>","in_reply_to_user_id_str":null,"favorited":false,"in_reply_to_status_id":null,"retweet_count":0,"created_at":"Thu Apr 25 21:13:20 +0000 2013","in_reply_to_user_id":null,"favorite_count":0,"id_str":"327530791838035969","place":null,"user":{"location":"W H E R E V E R","default_profile":false,"statuses_count":5199,"profile_background_tile":true,"lang":"id","profile_link_color":"009999","profile_banner_url":"https://si0.twimg.com/profile_banners/436722539/1359181953","id":436722539,"following":null,"favourites_count":0,"protected":false,"profile_text_color":"333333","description":"The Only #1 Account Which Gives Complete Information From Various Sources ★All ↓n One★ Updating You On Everytime, So Enjoy It !","verified":false,"contributors_enabled":false,"profile_sidebar_border_color":"EEEEEE","name":"Everything At Once","profile_background_color":"131516","created_at":"Wed Dec 14 13:56:26 +0000 2011","default_profile_image":false,"followers_count":849,"profile_image_url_https":"https://si0.twimg.com/profile_images/3506115581/a43521c6f493cd069ec98093debd0bda_normal.jpeg","geo_enabled":false,"profile_background_image_url":"http://a0.twimg.com/images/themes/theme14/bg.gif","profile_background_image_url_https":"https://si0.twimg.com/images/themes/theme14/bg.gif","follow_request_sent":null,"url":"http://EverythingAtOnce.com","utc_offset":25200,"time_zone":"Jakarta","notifications":null,"profile_use_background_image":true,"friends_count":72,"profile_sidebar_fill_color":"EFEFEF","screen_name":"EverythingAt1_","id_str":"436722539","profile_image_url":"http://a0.twimg.com/profile_images/3506115581/a43521c6f493cd069ec98093debd0bda_normal.jpeg","listed_count":0,"is_translator":false},"coordinates":null}