{"filter_level":"medium","contributors":null,"text":"@IGGYAZALEA I love your style!","geo":null,"retweeted":false,"in_reply_to_screen_name":"IGGYAZALEA","truncated":false,"lang":"en","entities":{"symbols":[],"urls":[],"hashtags":[],"user_mentions":[{"id":153694176,"name":"IGGY AZALEA","indices":[0,11],"screen_name":"IGGYAZALEA","id_str":"153694176"}]},"in_reply_to_status_id_str":null,"id":327530791846428672,"source":"<a href=\"http://twitter.com/download/iphone\" rel=\"nofollow\">Twitter for iPhone<\/a>","in_reply_to_user_id_str":"153694176","favorited":false,"in_reply_to_status_id":null,"retweet_count":0,"created_at":"Thu Apr 25 21:13:20 +0000 2013","in_reply_to_user_id":153694176,"favorite_count":0,"id_str":"327530791846428672","place":null,"user":{"location":"","default_profile":false,"statuses_count":80361,"profile_background_tile":true,"lang":"en","profile_link_color":"0084B4","profile_banner_url":"https://si0.twimg.com/profile_banners/129464825/1366062028","id":129464825,"following":null,"favourites_count":420,"protected":false,"profile_text_color":"333333","description":"Justin Bieber. The Wanted. Beyonce, V festival 2013!","verified":false,"contributors_enabled":false,"profile_sidebar_border_color":"FFFFFF","name":"Rebecca Raime","profile_background_color":"022330","created_at":"Sun Apr 04 11:00:05 +0000 2010","default_profile_image":false,"followers_count":2084,"profile_image_url_https":"https://si0.twimg.com/profile_images/3494162038/09a9428b6791a4cecb28d774857e46cb_normal.jpeg","geo_enabled":true,"profile_background_image_url":"http://a0.twimg.com/profile_background_images/695048904/0b8b3d7c32520cc85d77f596a0d6e11e.jpeg","profile_background_image_url_https":"https://si0.twimg.com/profile_background_images/695048904/0b8b3d7c32520cc85d77f596a0d6e11e.jpeg","follow_request_sent":null,"url":null,"utc_offset":null,"time_zone":null,"notifications":null,"profile_use_background_image":true,"friends_count":1389,"profile_sidebar_fill_color":"C0DFEC","screen_name":"BeckyBieber_TW","id_str":"129464825","profile_image_url":"http://a0.twimg.com/profile_images/3494162038/09a9428b6791a4cecb28d774857e46cb_normal.jpeg","listed_count":66,"is_translator":false},"coordinates":null}