{"filter_level":"medium","contributors":null,"text":"@WoutThs ja waarschijnlijk na 3 dagen","geo":null,"retweeted":false,"in_reply_to_screen_name":"WoutThs","truncated":false,"lang":"nl","entities":{"symbols":[],"urls":[],"hashtags":[],"user_mentions":[{"id":154231227,"name":"Wout Theys","indices":[0,8],"screen_name":"WoutThs","id_str":"154231227"}]},"in_reply_to_status_id_str":"327530145676148737","id":327530791859003392,"source":"web","in_reply_to_user_id_str":"154231227","favorited":false,"in_reply_to_status_id":327530145676148737,"retweet_count":0,"created_at":"Thu Apr 25 21:13:20 +0000 2013","in_reply_to_user_id":154231227,"favorite_count":0,"id_str":"327530791859003392","place":null,"user":{"location":"Kennebunk","default_profile":false,"statuses_count":625,"profile_background_tile":false,"lang":"en","profile_link_color":"473623","profile_banner_url":"https://si0.twimg.com/profile_banners/904616694/1364511812","id":904616694,"following":null,"favourites_count":463,"protected":false,"profile_text_color":"8A7302","description":null,"verified":false,"contributors_enabled":false,"profile_sidebar_border_color":"BCB302","name":"Karlienvdb","profile_background_color":"0F0A02","created_at":"Thu Oct 25 20:33:27 +0000 2012","default_profile_image":false,"followers_count":160,"profile_image_url_https":"https://si0.twimg.com/profile_images/3403343888/73e8fe9a6cf66b51f18e84d289696ed8_normal.jpeg","geo_enabled":false,"profile_background_image_url":"http://a0.twimg.com/profile_background_images/827415621/66b218fd7040a28f7edaba70457417a2.jpeg","profile_background_image_url_https":"https://si0.twimg.com/profile_background_images/827415621/66b218fd7040a28f7edaba70457417a2.jpeg","follow_request_sent":null,"url":"http://karlieninamerica.blogspot.com","utc_offset":-14400,"time_zone":"Atlantic Time (Canada)","notifications":null,"profile_use_background_image":true,"friends_count":156,"profile_sidebar_fill_color":"171106","screen_name":"karlienvdb_","id_str":"904616694","profile_image_url":"http://a0.twimg.com/profile_images/3403343888/73e8fe9a6cf66b51f18e84d289696ed8_normal.jpeg","listed_count":0,"is_translator":false},"coordinates":null}