{"filter_level":"medium","contributors":null,"text":"@QQxOO اللهم صل على نبينا محمد","geo":null,"retweeted":false,"in_reply_to_screen_name":"QQxOO","truncated":false,"lang":"ar","entities":{"symbols":[],"urls":[],"hashtags":[],"user_mentions":[{"id":596257080,"name":"سُمُوّ الْامِيْرِ","indices":[0,6],"screen_name":"QQxOO","id_str":"596257080"}]},"in_reply_to_status_id_str":"327514357116309504","id":327530791846428674,"source":"<a href=\"http://twitter.com/download/iphone\" rel=\"nofollow\">Twitter for iPhone<\/a>","in_reply_to_user_id_str":"596257080","favorited":false,"in_reply_to_status_id":327514357116309504,"retweet_count":0,"created_at":"Thu Apr 25 21:13:20 +0000 2013","in_reply_to_user_id":596257080,"favorite_count":0,"id_str":"327530791846428674","place":null,"user":{"location":"","default_profile":true,"statuses_count":2620,"profile_background_tile":false,"lang":"ar","profile_link_color":"0084B4","id":1179388056,"following":null,"favourites_count":22,"protected":false,"profile_text_color":"333333","description":null,"verified":false,"contributors_enabled":false,"profile_sidebar_border_color":"C0DEED","name":"اعتماد العامودي","profile_background_color":"C0DEED","created_at":"Thu Feb 14 14:47:06 +0000 2013","default_profile_image":false,"followers_count":495,"profile_image_url_https":"https://si0.twimg.com/profile_images/3361177148/9c323bea2145b3714d60f8655d70c0f6_normal.jpeg","geo_enabled":false,"profile_background_image_url":"http://a0.twimg.com/images/themes/theme1/bg.png","profile_background_image_url_https":"https://si0.twimg.com/images/themes/theme1/bg.png","follow_request_sent":null,"url":null,"utc_offset":null,"time_zone":null,"notifications":null,"profile_use_background_image":true,"friends_count":531,"profile_sidebar_fill_color":"DDEEF6","screen_name":"E3ad_amoudi","id_str":"1179388056","profile_image_url":"http://a0.twimg.com/profile_images/3361177148/9c323bea2145b3714d60f8655d70c0f6_normal.jpeg","listed_count":1,"is_translator":false},"coordinates":null}