{"filter_level":"medium","contributors":null,"text":"Tebrikler Fenerbahçe,yolun açık olsun.","geo":null,"retweeted":false,"in_reply_to_screen_name":null,"truncated":false,"lang":"tr","entities":{"symbols":[],"urls":[],"hashtags":[],"user_mentions":[]},"in_reply_to_status_id_str":null,"id":327530791842222081,"source":"<a href=\"http://twitter.com/#!/download/ipad\" rel=\"nofollow\">Twitter for iPad<\/a>","in_reply_to_user_id_str":null,"favorited":false,"in_reply_to_status_id":null,"retweet_count":0,"created_at":"Thu Apr 25 21:13:20 +0000 2013","in_reply_to_user_id":null,"favorite_count":0,"id_str":"327530791842222081","place":null,"user":{"location":"Vergi Dairesi Müdürü.(U.G.MD.)","default_profile":true,"statuses_count":696,"profile_background_tile":false,"lang":"tr","profile_link_color":"0084B4","profile_banner_url":"https://si0.twimg.com/profile_banners/952311067/1365149394","id":952311067,"following":null,"favourites_count":43,"protected":false,"profile_text_color":"333333","description":"Rize'li, Üsküdar-İstanbul'da yaşıyor.","verified":false,"contributors_enabled":false,"profile_sidebar_border_color":"C0DEED","name":"Hamit Öztürk","profile_background_color":"C0DEED","created_at":"Fri Nov 16 19:47:25 +0000 2012","default_profile_image":false,"followers_count":74,"profile_image_url_https":"https://si0.twimg.com/profile_images/3479242525/2bddd8682ac600223693004d52132ac2_normal.jpeg","geo_enabled":true,"profile_background_image_url":"http://a0.twimg.com/images/themes/theme1/bg.png","profile_background_image_url_https":"https://si0.twimg.com/images/themes/theme1/bg.png","follow_request_sent":null,"url":null,"utc_offset":7200,"time_zone":"Istanbul","notifications":null,"profile_use_background_image":true,"friends_count":47,"profile_sidebar_fill_color":"DDEEF6","screen_name":"HOzturk53","id_str":"952311067","profile_image_url":"http://a0.twimg.com/profile_images/3479242525/2bddd8682ac600223693004d52132ac2_normal.jpeg","listed_count":1,"is_translator":false},"coordinates":null}