{"filter_level":"low","retweeted_status":{"contributors":null,"text":"Esas noches. http://t.co/m9yHOXGW","geo":null,"retweeted":false,"in_reply_to_screen_name":null,"possibly_sensitive":false,"truncated":false,"lang":"es","entities":{"symbols":[],"urls":[],"hashtags":[],"media":[{"sizes":{"thumb":{"w":150,"resize":"crop","h":97},"small":{"w":340,"resize":"fit","h":76},"large":{"w":434,"resize":"fit","h":97},"medium":{"w":434,"resize":"fit","h":97}},"id":299327059728166914,"media_url_https":"https://pbs.twimg.com/media/BCdsX_rCcAIc_wu.jpg","media_url":"http://pbs.twimg.com/media/BCdsX_rCcAIc_wu.jpg","expanded_url":"http://twitter.com/UnaVidaDeMierda/status/299327059723972608/photo/1","indices":[13,33],"id_str":"299327059728166914","type":"photo","display_url":"pic.twitter.com/m9yHOXGW","url":"http://t.co/m9yHOXGW"}],"user_mentions":[]},"in_reply_to_status_id_str":null,"id":299327059723972608,"source":"web","in_reply_to_user_id_str":null,"favorited":false,"in_reply_to_status_id":null,"retweet_count":296,"created_at":"Thu Feb 07 01:21:47 +0000 2013","in_reply_to_user_id":null,"favorite_count":115,"id_str":"299327059723972608","place":null,"user":{"location":"En tu corazón.","default_profile":false,"statuses_count":232,"profile_background_tile":false,"lang":"es","profile_link_color":"009999","profile_banner_url":"https://si0.twimg.com/profile_banners/464393131/1363561262","id":464393131,"following":null,"favourites_count":95,"protected":false,"profile_text_color":"000000","description":"Y un cigarrillo es mi compañero de soledad, mientras llega a mi vida, el amor de verdad... (̅_̅_̅_̅(̅_̅_̅_̅_̅_̅_̅_̅_̅̅_̅()ڪے","verified":false,"contributors_enabled":false,"profile_sidebar_border_color":"FFFFFF","name":"Un Unicornio™","profile_background_color":"FAFAFA","created_at":"Sun Jan 15 05:28:14 +0000 2012","default_profile_image":false,"followers_count":94476,"profile_image_url_https":"https://si0.twimg.com/profile_images/3558193783/7b305dfdbaa9d029c4d6691a4a286ecd_normal.jpeg","geo_enabled":false,"profile_background_image_url":"http://a0.twimg.com/profile_background_images/817365842/8887644121e5691bcc0ebaf0c6d9bb54.jpeg","profile_background_image_url_https":"https://si0.twimg.com/profile_background_images/817365842/8887644121e5691bcc0ebaf0c6d9bb54.jpeg","follow_request_sent":null,"url":null,"utc_offset":-21600,"time_zone":"Central Time (US & Canada)","notifications":null,"profile_use_background_image":false,"friends_count":81529,"profile_sidebar_fill_color":"FFFFFF","screen_name":"UnaVidaDeMierda","id_str":"464393131","profile_image_url":"http://a0.twimg.com/profile_images/3558193783/7b305dfdbaa9d029c4d6691a4a286ecd_normal.jpeg","listed_count":120,"is_translator":false},"coordinates":null},"contributors":null,"text":"RT @UnaVidaDeMierda: Esas noches. http://t.co/m9yHOXGW","geo":null,"retweeted":false,"in_reply_to_screen_name":null,"possibly_sensitive":false,"truncated":false,"entities":{"symbols":[],"urls":[],"hashtags":[],"media":[{"sizes":{"thumb":{"w":150,"resize":"crop","h":97},"small":{"w":340,"resize":"fit","h":76},"large":{"w":434,"resize":"fit","h":97},"medium":{"w":434,"resize":"fit","h":97}},"id":299327059728166914,"media_url_https":"https://pbs.twimg.com/media/BCdsX_rCcAIc_wu.jpg","media_url":"http://pbs.twimg.com/media/BCdsX_rCcAIc_wu.jpg","expanded_url":"http://twitter.com/UnaVidaDeMierda/status/299327059723972608/photo/1","source_status_id_str":"299327059723972608","indices":[34,54],"source_status_id":299327059723972608,"id_str":"299327059728166914","type":"photo","display_url":"pic.twitter.com/m9yHOXGW","url":"http://t.co/m9yHOXGW"}],"user_mentions":[{"id":464393131,"name":"Un Unicornio™","indices":[3,19],"screen_name":"UnaVidaDeMierda","id_str":"464393131"}]},"in_reply_to_status_id_str":null,"id":327530791846416384,"source":"<a href=\"http://twitter.com/download/android\" rel=\"nofollow\">Twitter for Android<\/a>","in_reply_to_user_id_str":null,"favorited":false,"in_reply_to_status_id":null,"retweet_count":0,"created_at":"Thu Apr 25 21:13:20 +0000 2013","in_reply_to_user_id":null,"favorite_count":0,"id_str":"327530791846416384","place":null,"user":{"location":"Chile","default_profile":false,"statuses_count":7815,"profile_background_tile":true,"lang":"es","profile_link_color":"0084B4","profile_banner_url":"https://si0.twimg.com/profile_banners/1043369874/1357534950","id":1043369874,"following":null,"favourites_count":8674,"protected":false,"profile_text_color":"3C3940","description":"Soy de Chile...tengo 16 años :3...soy directioner .... mi canción favorita es Litlle thing y They don't know about us y emm nose que mas decir jeje c: 1D :3","verified":false,"contributors_enabled":false,"profile_sidebar_border_color":"FFFFFF","name":"Camila Paz∞","profile_background_color":"C0DEED","created_at":"Fri Dec 28 23:25:46 +0000 2012","default_profile_image":false,"followers_count":318,"profile_image_url_https":"https://si0.twimg.com/profile_images/3532327378/0bf8052f12291d957e5dfd4af1557bc7_normal.jpeg","geo_enabled":true,"profile_background_image_url":"http://a0.twimg.com/profile_background_images/784184591/cedcf7e17d4e260e887b844345c50cee.jpeg","profile_background_image_url_https":"https://si0.twimg.com/profile_background_images/784184591/cedcf7e17d4e260e887b844345c50cee.jpeg","follow_request_sent":null,"url":"http://twitter.com/camipaz1D","utc_offset":null,"time_zone":null,"notifications":null,"profile_use_background_image":true,"friends_count":439,"profile_sidebar_fill_color":"95E8EC","screen_name":"CamiiPaaz1D","id_str":"1043369874","profile_image_url":"http://a0.twimg.com/profile_images/3532327378/0bf8052f12291d957e5dfd4af1557bc7_normal.jpeg","listed_count":0,"is_translator":false},"coordinates":null}