{"filter_level":"low","retweeted_status":{"contributors":null,"text":"RT Y GANA 750 SEGUIDORES ►SOLO SI ME SIGUES◄ SIGUE A TODOS LOS QUE DEN RT #SIGUEMEYTESIGO #FOLLOWBACKSEGURO","geo":null,"retweeted":false,"in_reply_to_screen_name":null,"truncated":false,"lang":"es","entities":{"symbols":[],"urls":[],"hashtags":[{"text":"SIGUEMEYTESIGO","indices":[74,89]},{"text":"FOLLOWBACKSEGURO","indices":[90,107]}],"user_mentions":[]},"in_reply_to_status_id_str":null,"id":327530118924873728,"source":"web","in_reply_to_user_id_str":null,"favorited":false,"in_reply_to_status_id":null,"retweet_count":47,"created_at":"Thu Apr 25 21:10:40 +0000 2013","in_reply_to_user_id":null,"favorite_count":1,"id_str":"327530118924873728","place":null,"user":{"location":"Venezuela - Barinas","default_profile":false,"statuses_count":18900,"profile_background_tile":true,"lang":"es","profile_link_color":"009999","profile_banner_url":"https://si0.twimg.com/profile_banners/189755162/1364595381","id":189755162,"following":null,"favourites_count":5463,"protected":false,"profile_text_color":"333333","description":"Pin: 28446EC3\r\n","verified":false,"contributors_enabled":false,"profile_sidebar_border_color":"EEEEEE","name":"ɢᴀɴᴀ sᴇɢᴜiᴅᴏʀᴇs⇓","profile_background_color":"131516","created_at":"Sun Sep 12 03:54:02 +0000 2010","default_profile_image":false,"followers_count":22917,"profile_image_url_https":"https://si0.twimg.com/profile_images/3445360278/7494b0e0439c1be6ee0b2ee0241ee02f_normal.gif","geo_enabled":false,"profile_background_image_url":"http://a0.twimg.com/images/themes/theme14/bg.gif","profile_background_image_url_https":"https://si0.twimg.com/images/themes/theme14/bg.gif","follow_request_sent":null,"url":"http://es.favstar.fm/users/xsigueme","utc_offset":-18000,"time_zone":"Quito","notifications":null,"profile_use_background_image":true,"friends_count":17997,"profile_sidebar_fill_color":"EFEFEF","screen_name":"xsigueme","id_str":"189755162","profile_image_url":"http://a0.twimg.com/profile_images/3445360278/7494b0e0439c1be6ee0b2ee0241ee02f_normal.gif","listed_count":62,"is_translator":false},"coordinates":null},"contributors":null,"text":"RT @xsigueme: RT Y GANA 750 SEGUIDORES ►SOLO SI ME SIGUES◄ SIGUE A TODOS LOS QUE DEN RT #SIGUEMEYTESIGO #FOLLOWBACKSEGURO","geo":null,"retweeted":false,"in_reply_to_screen_name":null,"truncated":false,"entities":{"symbols":[],"urls":[],"hashtags":[{"text":"SIGUEMEYTESIGO","indices":[88,103]},{"text":"FOLLOWBACKSEGURO","indices":[104,121]}],"user_mentions":[{"id":189755162,"name":"ɢᴀɴᴀ sᴇɢᴜiᴅᴏʀᴇs⇓","indices":[3,12],"screen_name":"xsigueme","id_str":"189755162"}]},"in_reply_to_status_id_str":null,"id":327530791854804992,"source":"web","in_reply_to_user_id_str":null,"favorited":false,"in_reply_to_status_id":null,"retweet_count":0,"created_at":"Thu Apr 25 21:13:20 +0000 2013","in_reply_to_user_id":null,"favorite_count":0,"id_str":"327530791854804992","place":null,"user":{"location":"","default_profile":false,"statuses_count":1728,"profile_background_tile":true,"lang":"es","profile_link_color":"2C1A36","profile_banner_url":"https://si0.twimg.com/profile_banners/408672847/1365889081","id":408672847,"following":null,"favourites_count":10,"protected":false,"profile_text_color":"3D1957","description":"Megusta LM;1D;JB;AM Amo a mi mejor amigo;y tambien a mis amigas PD: son las mejoresss de la vida :DD  viviendo la vida riendo,cantando,bailando,gritando,etc....","verified":false,"contributors_enabled":false,"profile_sidebar_border_color":"000000","name":"Kareeen♫ ","profile_background_color":"642D8B","created_at":"Wed Nov 09 18:51:40 +0000 2011","default_profile_image":false,"followers_count":682,"profile_image_url_https":"https://si0.twimg.com/profile_images/3550442919/85805625ca3fe4bf87cf2912ae22f727_normal.jpeg","geo_enabled":true,"profile_background_image_url":"http://a0.twimg.com/profile_background_images/817312294/8227e43084511adb9a591d35bd6f1684.jpeg","profile_background_image_url_https":"https://si0.twimg.com/profile_background_images/817312294/8227e43084511adb9a591d35bd6f1684.jpeg","follow_request_sent":null,"url":null,"utc_offset":-10800,"time_zone":"Buenos Aires","notifications":null,"profile_use_background_image":true,"friends_count":901,"profile_sidebar_fill_color":"7AC3EE","screen_name":"SoloYoArre","id_str":"408672847","profile_image_url":"http://a0.twimg.com/profile_images/3550442919/85805625ca3fe4bf87cf2912ae22f727_normal.jpeg","listed_count":0,"is_translator":false},"coordinates":null}