{"filter_level":"low","retweeted_status":{"contributors":null,"text":"5月6日の9時からファミ劇で銀英アニメくるーよー＼(^o^)／予約せな！","geo":null,"retweeted":false,"in_reply_to_screen_name":null,"truncated":false,"lang":"ja","entities":{"symbols":[],"urls":[],"hashtags":[],"user_mentions":[]},"in_reply_to_status_id_str":null,"id":327373598635474944,"source":"<a href=\"http://yubitter.com/\" rel=\"nofollow\">yubitter<\/a>","in_reply_to_user_id_str":null,"favorited":false,"in_reply_to_status_id":null,"retweet_count":1,"created_at":"Thu Apr 25 10:48:42 +0000 2013","in_reply_to_user_id":null,"favorite_count":1,"id_str":"327373598635474944","place":null,"user":{"location":"SLAVE県河村市パイロ区(TOYAMA)","default_profile":false,"statuses_count":21932,"profile_background_tile":false,"lang":"ja","profile_link_color":"0099B9","id":149400996,"following":null,"favourites_count":208,"protected":false,"profile_text_color":"3C3940","description":"NO MUSIC , NO LIFE !　LUNA SEA SLAVE。RYUスレPYROで名無し。音楽、ゲーム、WJ等\u2026F/R/Bご自由にどうぞ。【今の激アツ】MWAM、NCIS、黒バス\r\n\u203b鍵腐垢→rosyrain69","verified":false,"contributors_enabled":false,"profile_sidebar_border_color":"5ED4DC","name":"澪(REI)","profile_background_color":"0099B9","created_at":"Sat May 29 05:39:58 +0000 2010","default_profile_image":false,"followers_count":221,"profile_image_url_https":"https://si0.twimg.com/profile_images/3272733913/2078b8164d98162c070354f5b41ad342_normal.jpeg","geo_enabled":false,"profile_background_image_url":"http://a0.twimg.com/images/themes/theme4/bg.gif","profile_background_image_url_https":"https://si0.twimg.com/images/themes/theme4/bg.gif","follow_request_sent":null,"url":"http://ameblo.jp/crushbeat/","utc_offset":32400,"time_zone":"Tokyo","notifications":null,"profile_use_background_image":true,"friends_count":203,"profile_sidebar_fill_color":"95E8EC","screen_name":"REI_15x14","id_str":"149400996","profile_image_url":"http://a0.twimg.com/profile_images/3272733913/2078b8164d98162c070354f5b41ad342_normal.jpeg","listed_count":24,"is_translator":false},"coordinates":null},"contributors":null,"text":"RT @REI_15x14: 5月6日の9時からファミ劇で銀英アニメくるーよー＼(^o^)／予約せな！","geo":null,"retweeted":false,"in_reply_to_screen_name":null,"truncated":false,"entities":{"symbols":[],"urls":[],"hashtags":[],"user_mentions":[{"id":149400996,"name":"澪(REI)","indices":[3,13],"screen_name":"REI_15x14","id_str":"149400996"}]},"in_reply_to_status_id_str":null,"id":327530791863201792,"source":"<a href=\"http://twitter.com/download/iphone\" rel=\"nofollow\">Twitter for iPhone<\/a>","in_reply_to_user_id_str":null,"favorited":false,"in_reply_to_status_id":null,"retweet_count":0,"created_at":"Thu Apr 25 21:13:20 +0000 2013","in_reply_to_user_id":null,"favorite_count":0,"id_str":"327530791863201792","place":null,"user":{"location":"","default_profile":true,"statuses_count":266,"profile_background_tile":false,"lang":"ja","profile_link_color":"0084B4","id":1203901686,"following":null,"favourites_count":61,"protected":false,"profile_text_color":"333333","description":"好きなもの飛空士シリーズ・銀河英雄伝説・ナウシカ原作・シャナ・ジパング・半月・俺ガイル 紅魔 禁書電磁 ココロコ あだち充 鉄道 旅 北海道 国立 八王子大好きー。これでも高校球児っすw","verified":false,"contributors_enabled":false,"profile_sidebar_border_color":"C0DEED","name":"撃墜王ファナ(仮","profile_background_color":"C0DEED","created_at":"Thu Feb 21 10:25:59 +0000 2013","default_profile_image":false,"followers_count":39,"profile_image_url_https":"https://si0.twimg.com/profile_images/3511054699/e4d6be138c59f8f1aa373d1fb9ca50ec_normal.jpeg","geo_enabled":false,"profile_background_image_url":"http://a0.twimg.com/images/themes/theme1/bg.png","profile_background_image_url_https":"https://si0.twimg.com/images/themes/theme1/bg.png","follow_request_sent":null,"url":null,"utc_offset":null,"time_zone":null,"notifications":null,"profile_use_background_image":true,"friends_count":57,"profile_sidebar_fill_color":"DDEEF6","screen_name":"great_hikuushi","id_str":"1203901686","profile_image_url":"http://a0.twimg.com/profile_images/3511054699/e4d6be138c59f8f1aa373d1fb9ca50ec_normal.jpeg","listed_count":0,"is_translator":false},"coordinates":null}