{"filter_level":"medium","contributors":null,"text":"@yeeahlovatic pode :)","geo":null,"retweeted":false,"in_reply_to_screen_name":"yeeahlovatic","truncated":false,"lang":"pl","entities":{"symbols":[],"urls":[],"hashtags":[],"user_mentions":[{"id":716860488,"name":"Willi'","indices":[0,13],"screen_name":"yeeahlovatic","id_str":"716860488"}]},"in_reply_to_status_id_str":"327530299099598848","id":327530791858999297,"source":"<a href=\"http://twitter.com/download/android\" rel=\"nofollow\">Twitter for Android<\/a>","in_reply_to_user_id_str":"716860488","favorited":false,"in_reply_to_status_id":327530299099598848,"retweet_count":0,"created_at":"Thu Apr 25 21:13:20 +0000 2013","in_reply_to_user_id":716860488,"favorite_count":0,"id_str":"327530791858999297","place":null,"user":{"location":"1d crs nx 5h ♡ ","default_profile":false,"statuses_count":3824,"profile_background_tile":false,"lang":"pt","profile_link_color":"F51883","profile_banner_url":"https://si0.twimg.com/profile_banners/1040348893/1365819315","id":1040348893,"following":null,"favourites_count":502,"protected":false,"profile_text_color":"333333","description":" I can't be no superman but for you I'll be superhuman \u2022 Thaies's ","verified":false,"contributors_enabled":false,"profile_sidebar_border_color":"FFFFFF","name":"Clarisse","profile_background_color":"595745","created_at":"Thu Dec 27 19:06:45 +0000 2012","default_profile_image":false,"followers_count":277,"profile_image_url_https":"https://si0.twimg.com/profile_images/3555737034/feaf1d8b7ec0766282bae3bd6eceff00_normal.png","geo_enabled":true,"profile_background_image_url":"http://a0.twimg.com/profile_background_images/840118414/8bab47d2855d8305278edc8f73b7f5d6.jpeg","profile_background_image_url_https":"https://si0.twimg.com/profile_background_images/840118414/8bab47d2855d8305278edc8f73b7f5d6.jpeg","follow_request_sent":null,"url":"http://twitter.com/CarlyRoseMusic/status/314805450430377986","utc_offset":-10800,"time_zone":"Brasilia","notifications":null,"profile_use_background_image":true,"friends_count":431,"profile_sidebar_fill_color":"DDEEF6","screen_name":"MyLittleCarly","id_str":"1040348893","profile_image_url":"http://a0.twimg.com/profile_images/3555737034/feaf1d8b7ec0766282bae3bd6eceff00_normal.png","listed_count":0,"is_translator":false},"coordinates":null}