{"filter_level":"medium","contributors":null,"text":"just had to help my oldest squeeze her jean pant leg over her calf !!!! bahaha","geo":null,"retweeted":false,"in_reply_to_screen_name":null,"truncated":false,"lang":"en","entities":{"symbols":[],"urls":[],"hashtags":[],"user_mentions":[]},"in_reply_to_status_id_str":null,"id":327530791850618881,"source":"<a href=\"http://www.tweetcaster.com\" rel=\"nofollow\">TweetCaster for Android<\/a>","in_reply_to_user_id_str":null,"favorited":false,"in_reply_to_status_id":null,"retweet_count":0,"created_at":"Thu Apr 25 21:13:20 +0000 2013","in_reply_to_user_id":null,"favorite_count":0,"id_str":"327530791850618881","place":null,"user":{"location":"noneurbizness","default_profile":false,"statuses_count":11638,"profile_background_tile":true,"lang":"en","profile_link_color":"0A0605","profile_banner_url":"https://si0.twimg.com/profile_banners/231547847/1353535126","id":231547847,"following":null,"favourites_count":12,"protected":false,"profile_text_color":"0F0D0C","description":"mom,Deputy's wife,gma~Living well,Loving lavishly,Laughing,Laughing,Laughing lots!","verified":false,"contributors_enabled":false,"profile_sidebar_border_color":"FFFFFF","name":"mrsmonicalb","profile_background_color":"FFFDFC","created_at":"Tue Dec 28 20:52:44 +0000 2010","default_profile_image":false,"followers_count":85,"profile_image_url_https":"https://si0.twimg.com/profile_images/3564650171/26ade00fbbd390c0c69fea55f6fa1a02_normal.jpeg","geo_enabled":false,"profile_background_image_url":"http://a0.twimg.com/profile_background_images/832292325/0054f762a2ab146cbd19a860be6ea242.jpeg","profile_background_image_url_https":"https://si0.twimg.com/profile_background_images/832292325/0054f762a2ab146cbd19a860be6ea242.jpeg","follow_request_sent":null,"url":"http://pinterest.com/MrsMonicaLB/","utc_offset":-28800,"time_zone":"Pacific Time (US & Canada)","notifications":null,"profile_use_background_image":true,"friends_count":130,"profile_sidebar_fill_color":"F5C9E2","screen_name":"MrsMonicaLB","id_str":"231547847","profile_image_url":"http://a0.twimg.com/profile_images/3564650171/26ade00fbbd390c0c69fea55f6fa1a02_normal.jpeg","listed_count":2,"is_translator":false},"coordinates":null}