{"filter_level":"medium","contributors":null,"text":"@ANXIETITTIES YES IT WAS HOLY SHIT","geo":null,"retweeted":false,"in_reply_to_screen_name":"ANXIETITTIES","truncated":false,"lang":"en","entities":{"symbols":[],"urls":[],"hashtags":[],"user_mentions":[{"id":361559803,"name":"um","indices":[0,13],"screen_name":"ANXIETITTIES","id_str":"361559803"}]},"in_reply_to_status_id_str":"327501092327940096","id":327530791850606592,"source":"web","in_reply_to_user_id_str":"361559803","favorited":false,"in_reply_to_status_id":327501092327940096,"retweet_count":0,"created_at":"Thu Apr 25 21:13:20 +0000 2013","in_reply_to_user_id":361559803,"favorite_count":0,"id_str":"327530791850606592","place":null,"user":{"location":"@2fangirl4u = gorillaz wife","default_profile":false,"statuses_count":44337,"profile_background_tile":true,"lang":"en","profile_link_color":"93A644","profile_banner_url":"https://si0.twimg.com/profile_banners/444508269/1366840033","id":444508269,"following":null,"favourites_count":4491,"protected":false,"profile_text_color":"3D1957","description":"i'll rdm you | 1/7 of the #crabslutz | i'm a youtuber http://www.youtube.com/user/phandomvlogs","verified":false,"contributors_enabled":false,"profile_sidebar_border_color":"FFFFFF","name":"♡rani♡","profile_background_color":"B2DFDA","created_at":"Fri Dec 23 10:04:06 +0000 2011","default_profile_image":false,"followers_count":2215,"profile_image_url_https":"https://si0.twimg.com/profile_images/3540541104/3e9750b2f2fc87d6009d9582ac8c86d1_normal.jpeg","geo_enabled":false,"profile_background_image_url":"http://a0.twimg.com/profile_background_images/850018715/ef973a9ed168aad30ae8256ad5d0fff6.png","profile_background_image_url_https":"https://si0.twimg.com/profile_background_images/850018715/ef973a9ed168aad30ae8256ad5d0fff6.png","follow_request_sent":null,"url":"http://alekspls.tumblr.com","utc_offset":-21600,"time_zone":"Central Time (US & Canada)","notifications":null,"profile_use_background_image":true,"friends_count":1578,"profile_sidebar_fill_color":"7AC3EE","screen_name":"danbulous","id_str":"444508269","profile_image_url":"http://a0.twimg.com/profile_images/3540541104/3e9750b2f2fc87d6009d9582ac8c86d1_normal.jpeg","listed_count":4,"is_translator":false},"coordinates":null}