{"filter_level":"medium","contributors":null,"text":"Or think better yet","geo":null,"retweeted":false,"in_reply_to_screen_name":null,"truncated":false,"lang":"en","entities":{"symbols":[],"urls":[],"hashtags":[],"user_mentions":[]},"in_reply_to_status_id_str":null,"id":327530791833837568,"source":"<a href=\"http://twitter.com/download/iphone\" rel=\"nofollow\">Twitter for iPhone<\/a>","in_reply_to_user_id_str":null,"favorited":false,"in_reply_to_status_id":null,"retweet_count":0,"created_at":"Thu Apr 25 21:13:20 +0000 2013","in_reply_to_user_id":null,"favorite_count":0,"id_str":"327530791833837568","place":null,"user":{"location":"","default_profile":true,"statuses_count":13394,"profile_background_tile":false,"lang":"en","profile_link_color":"0084B4","profile_banner_url":"https://si0.twimg.com/profile_banners/487215153/1348268372","id":487215153,"following":null,"favourites_count":202,"protected":false,"profile_text_color":"333333","description":"Not here to be your friend but to be the realist person you've ever met.....SENIOR#2013 #StiversStudent #18legal....follow my wifey she be saying some stuff lol","verified":false,"contributors_enabled":false,"profile_sidebar_border_color":"C0DEED","name":"*♥#1\u20e32\u20e3 Wifey♥*","profile_background_color":"C0DEED","created_at":"Thu Feb 09 03:57:06 +0000 2012","default_profile_image":false,"followers_count":276,"profile_image_url_https":"https://si0.twimg.com/profile_images/3453520121/056d23d975b8860facef613c27193f8d_normal.jpeg","geo_enabled":false,"profile_background_image_url":"http://a0.twimg.com/images/themes/theme1/bg.png","profile_background_image_url_https":"https://si0.twimg.com/images/themes/theme1/bg.png","follow_request_sent":null,"url":null,"utc_offset":null,"time_zone":null,"notifications":null,"profile_use_background_image":true,"friends_count":315,"profile_sidebar_fill_color":"DDEEF6","screen_name":"Full_off_Life","id_str":"487215153","profile_image_url":"http://a0.twimg.com/profile_images/3453520121/056d23d975b8860facef613c27193f8d_normal.jpeg","listed_count":0,"is_translator":false},"coordinates":null}