{"filter_level":"low","retweeted_status":{"contributors":null,"text":"Más corahe k cuando ze gasta en caza er papé er aguafria o argo y lo dehan ahí jave,porqe zomo familia zino me liaba a torta y me qeaba solo","geo":null,"retweeted":false,"in_reply_to_screen_name":null,"truncated":false,"lang":"es","entities":{"symbols":[],"urls":[],"hashtags":[],"user_mentions":[]},"in_reply_to_status_id_str":null,"id":327528557498757120,"source":"web","in_reply_to_user_id_str":null,"favorited":false,"in_reply_to_status_id":null,"retweet_count":223,"created_at":"Thu Apr 25 21:04:27 +0000 2013","in_reply_to_user_id":null,"favorite_count":22,"id_str":"327528557498757120","place":null,"user":{"location":"","default_profile":false,"statuses_count":8764,"profile_background_tile":true,"lang":"es","profile_link_color":"0084B4","profile_banner_url":"https://si0.twimg.com/profile_banners/612855461/1357504111","id":612855461,"following":null,"favourites_count":7150,"protected":false,"profile_text_color":"333333","description":"Babuchero los domingo. Ezaherando desder 1000 a.c. Besuslays y abrazutanos pa tos ustede. Keep calm and carry q nos vamo. \r\n     Contacto: sr.tarro@hotmail.com","verified":false,"contributors_enabled":false,"profile_sidebar_border_color":"FFFFFF","name":"Sr.Tarro","profile_background_color":"C0DEED","created_at":"Tue Jun 19 21:00:38 +0000 2012","default_profile_image":false,"followers_count":112021,"profile_image_url_https":"https://si0.twimg.com/profile_images/3539087327/787c3b9c47a7f8edfbb01951f58bdff3_normal.jpeg","geo_enabled":false,"profile_background_image_url":"http://a0.twimg.com/profile_background_images/723154085/32f83b13f5fd34c03f09bc26edb539ce.jpeg","profile_background_image_url_https":"https://si0.twimg.com/profile_background_images/723154085/32f83b13f5fd34c03f09bc26edb539ce.jpeg","follow_request_sent":null,"url":"http://www.youtube.com/user/srtarromamaero","utc_offset":0,"time_zone":"Dublin","notifications":null,"profile_use_background_image":true,"friends_count":270,"profile_sidebar_fill_color":"DDEEF6","screen_name":"SrTarro","id_str":"612855461","profile_image_url":"http://a0.twimg.com/profile_images/3539087327/787c3b9c47a7f8edfbb01951f58bdff3_normal.jpeg","listed_count":91,"is_translator":false},"coordinates":null},"contributors":null,"text":"RT @SrTarro: Más corahe k cuando ze gasta en caza er papé er aguafria o argo y lo dehan ahí jave,porqe zomo familia zino me liaba a torta y\u2026","geo":null,"retweeted":false,"in_reply_to_screen_name":null,"truncated":false,"entities":{"symbols":[],"urls":[],"hashtags":[],"user_mentions":[{"id":612855461,"name":"Sr.Tarro","indices":[3,11],"screen_name":"SrTarro","id_str":"612855461"}]},"in_reply_to_status_id_str":null,"id":327530791829643264,"source":"<a href=\"http://twitter.com/download/android\" rel=\"nofollow\">Twitter for Android<\/a>","in_reply_to_user_id_str":null,"favorited":false,"in_reply_to_status_id":null,"retweet_count":0,"created_at":"Thu Apr 25 21:13:20 +0000 2013","in_reply_to_user_id":null,"favorite_count":0,"id_str":"327530791829643264","place":null,"user":{"location":"","default_profile":false,"statuses_count":3976,"profile_background_tile":true,"lang":"es","profile_link_color":"0099B9","profile_banner_url":"https://si0.twimg.com/profile_banners/601282339/1363274807","id":601282339,"following":null,"favourites_count":390,"protected":false,"profile_text_color":"3C3940","description":" Este es mi Twitter y me lo follo cuando quiera.\r","verified":false,"contributors_enabled":false,"profile_sidebar_border_color":"FFFFFF","name":"Fa Ma Lo","profile_background_color":"0099B9","created_at":"Wed Jun 06 20:46:31 +0000 2012","default_profile_image":false,"followers_count":174,"profile_image_url_https":"https://si0.twimg.com/profile_images/3454957206/88c4435bf7dec77401bf5eab98d9f30b_normal.jpeg","geo_enabled":true,"profile_background_image_url":"http://a0.twimg.com/profile_background_images/718730035/fff889cb3b74e0a0af8f6ee3386cb157.jpeg","profile_background_image_url_https":"https://si0.twimg.com/profile_background_images/718730035/fff889cb3b74e0a0af8f6ee3386cb157.jpeg","follow_request_sent":null,"url":null,"utc_offset":7200,"time_zone":"Athens","notifications":null,"profile_use_background_image":true,"friends_count":163,"profile_sidebar_fill_color":"95E8EC","screen_name":"Fmalial94","id_str":"601282339","profile_image_url":"http://a0.twimg.com/profile_images/3454957206/88c4435bf7dec77401bf5eab98d9f30b_normal.jpeg","listed_count":0,"is_translator":false},"coordinates":null}