{"filter_level":"low","retweeted_status":{"contributors":null,"text":"¿En Twitter os lleváis comisión por hacerle la pelota a la gente?","geo":null,"retweeted":false,"in_reply_to_screen_name":null,"truncated":false,"lang":"es","entities":{"symbols":[],"urls":[],"hashtags":[],"user_mentions":[]},"in_reply_to_status_id_str":null,"id":327529855891697664,"source":"web","in_reply_to_user_id_str":null,"favorited":false,"in_reply_to_status_id":null,"retweet_count":6,"created_at":"Thu Apr 25 21:09:37 +0000 2013","in_reply_to_user_id":null,"favorite_count":3,"id_str":"327529855891697664","place":null,"user":{"location":"Madrid","default_profile":false,"statuses_count":47869,"profile_background_tile":true,"lang":"es","profile_link_color":"736372","profile_banner_url":"https://si0.twimg.com/profile_banners/44942779/1364489970","id":44942779,"following":null,"favourites_count":5037,"protected":false,"profile_text_color":"333333","description":"Nunca he sido un libro abierto pero explico buenos cuentos. Si quieres, ahora que hay tiempo, empiezo a recitar el nuestro. 19.","verified":false,"contributors_enabled":false,"profile_sidebar_border_color":"FFFFFF","name":"Nicolás Nicolás.","profile_background_color":"B2DFDA","created_at":"Fri Jun 05 17:19:01 +0000 2009","default_profile_image":false,"followers_count":1723,"profile_image_url_https":"https://si0.twimg.com/profile_images/2903669322/fc07fa45753b2e687f996e71d49000fb_normal.jpeg","geo_enabled":true,"profile_background_image_url":"http://a0.twimg.com/profile_background_images/819767109/f2c2f6a8dbaa613b297834ff8a617100.jpeg","profile_background_image_url_https":"https://si0.twimg.com/profile_background_images/819767109/f2c2f6a8dbaa613b297834ff8a617100.jpeg","follow_request_sent":null,"url":null,"utc_offset":-10800,"time_zone":"Greenland","notifications":null,"profile_use_background_image":true,"friends_count":907,"profile_sidebar_fill_color":"F3F3F3","screen_name":"nicoloveslondon","id_str":"44942779","profile_image_url":"http://a0.twimg.com/profile_images/2903669322/fc07fa45753b2e687f996e71d49000fb_normal.jpeg","listed_count":31,"is_translator":false},"coordinates":null},"contributors":null,"text":"RT @nicoloveslondon: ¿En Twitter os lleváis comisión por hacerle la pelota a la gente?","geo":null,"retweeted":false,"in_reply_to_screen_name":null,"truncated":false,"entities":{"symbols":[],"urls":[],"hashtags":[],"user_mentions":[{"id":44942779,"name":"Nicolás Nicolás.","indices":[3,19],"screen_name":"nicoloveslondon","id_str":"44942779"}]},"in_reply_to_status_id_str":null,"id":327530791833845761,"source":"<a href=\"http://twitter.com/download/android\" rel=\"nofollow\">Twitter for Android<\/a>","in_reply_to_user_id_str":null,"favorited":false,"in_reply_to_status_id":null,"retweet_count":0,"created_at":"Thu Apr 25 21:13:20 +0000 2013","in_reply_to_user_id":null,"favorite_count":0,"id_str":"327530791833845761","place":null,"user":{"location":"Narnia","default_profile":false,"statuses_count":11729,"profile_background_tile":true,"lang":"es","profile_link_color":"0084B4","profile_banner_url":"https://si0.twimg.com/profile_banners/164790532/1360194289","id":164790532,"following":null,"favourites_count":501,"protected":false,"profile_text_color":"333333","description":"18. Soy grande a mi manera. Keep calm and kill zombies. \u2020","verified":false,"contributors_enabled":false,"profile_sidebar_border_color":"000000","name":"Furcia Pelirroja","profile_background_color":"140A24","created_at":"Fri Jul 09 19:27:54 +0000 2010","default_profile_image":false,"followers_count":139,"profile_image_url_https":"https://si0.twimg.com/profile_images/3535843135/1a40a86aeea94ff59e148bd96760444d_normal.jpeg","geo_enabled":false,"profile_background_image_url":"http://a0.twimg.com/profile_background_images/600950326/i1ezt1s8jqiv7bfxrmha.jpeg","profile_background_image_url_https":"https://si0.twimg.com/profile_background_images/600950326/i1ezt1s8jqiv7bfxrmha.jpeg","follow_request_sent":null,"url":null,"utc_offset":3600,"time_zone":"Madrid","notifications":null,"profile_use_background_image":true,"friends_count":153,"profile_sidebar_fill_color":"C0DFEC","screen_name":"ConMdeMish","id_str":"164790532","profile_image_url":"http://a0.twimg.com/profile_images/3535843135/1a40a86aeea94ff59e148bd96760444d_normal.jpeg","listed_count":0,"is_translator":false},"coordinates":null}