{"filter_level":"medium","contributors":null,"text":"Mon père il est rentré dans ma chambre il m'a dit : Mais toi même c'est quoi ? Pourquoi tu pleures ? jdit c'est le film","geo":null,"retweeted":false,"in_reply_to_screen_name":null,"truncated":false,"lang":"fr","entities":{"symbols":[],"urls":[],"hashtags":[],"user_mentions":[]},"in_reply_to_status_id_str":null,"id":327530791850631169,"source":"web","in_reply_to_user_id_str":null,"favorited":false,"in_reply_to_status_id":null,"retweet_count":0,"created_at":"Thu Apr 25 21:13:20 +0000 2013","in_reply_to_user_id":null,"favorite_count":0,"id_str":"327530791850631169","place":null,"user":{"location":"78 Yvellines","default_profile":false,"statuses_count":37409,"profile_background_tile":true,"lang":"fr","profile_link_color":"523B0C","profile_banner_url":"https://si0.twimg.com/profile_banners/590897324/1366219875","id":590897324,"following":null,"favourites_count":225,"protected":false,"profile_text_color":"333333","description":"Chaque personne qu\u2019on s\u2019autorise à aimer, est quelqu\u2019un qu\u2019on prend le risque de perdre.  #Team242 #Team243 #TeamBeiby #TeamBooba ♥ \r\nJesuis In my Life","verified":false,"contributors_enabled":false,"profile_sidebar_border_color":"000000","name":"\u2020Reine SansCouronne\u2020","profile_background_color":"DB1F83","created_at":"Sat May 26 13:01:13 +0000 2012","default_profile_image":false,"followers_count":921,"profile_image_url_https":"https://si0.twimg.com/profile_images/3560467674/de180756aa7317951c546cc133b65354_normal.jpeg","geo_enabled":true,"profile_background_image_url":"http://a0.twimg.com/profile_background_images/851311276/6d261ba00544edc4c60102520bb92dc2.jpeg","profile_background_image_url_https":"https://si0.twimg.com/profile_background_images/851311276/6d261ba00544edc4c60102520bb92dc2.jpeg","follow_request_sent":null,"url":"http://www.facebook.com/AttJtePasDii","utc_offset":3600,"time_zone":"Paris","notifications":null,"profile_use_background_image":true,"friends_count":693,"profile_sidebar_fill_color":"DDEEF6","screen_name":"Ducheesse","id_str":"590897324","profile_image_url":"http://a0.twimg.com/profile_images/3560467674/de180756aa7317951c546cc133b65354_normal.jpeg","listed_count":2,"is_translator":false},"coordinates":null}