{"filter_level":"medium","contributors":null,"text":"@eDGermanotta JA JA JA JA!!!! PUTAAA! JAJAJAJA","geo":null,"retweeted":false,"in_reply_to_screen_name":"eDGermanotta","truncated":false,"lang":"pl","entities":{"symbols":[],"urls":[],"hashtags":[],"user_mentions":[{"id":264566851,"name":"ᴇᴅᴡιɴ▽","indices":[0,13],"screen_name":"eDGermanotta","id_str":"264566851"}]},"in_reply_to_status_id_str":"327530658194931712","id":327530791842238464,"source":"web","in_reply_to_user_id_str":"264566851","favorited":false,"in_reply_to_status_id":327530658194931712,"retweet_count":0,"created_at":"Thu Apr 25 21:13:20 +0000 2013","in_reply_to_user_id":264566851,"favorite_count":0,"id_str":"327530791842238464","place":null,"user":{"location":"Mi mundo","default_profile":false,"statuses_count":9584,"profile_background_tile":true,"lang":"es","profile_link_color":"CC3366","profile_banner_url":"https://si0.twimg.com/profile_banners/298124044/1366849704","id":298124044,"following":null,"favourites_count":1007,"protected":false,"profile_text_color":"333333","description":"| I'm Little Monster | ","verified":false,"contributors_enabled":false,"profile_sidebar_border_color":"FFFFFF","name":"DavidAlejandro(:","profile_background_color":"DBE9ED","created_at":"Fri May 13 19:13:41 +0000 2011","default_profile_image":false,"followers_count":345,"profile_image_url_https":"https://si0.twimg.com/profile_images/3570937260/20a1a8fb6f57732f90ca645d8fac6f4a_normal.jpeg","geo_enabled":false,"profile_background_image_url":"http://a0.twimg.com/profile_background_images/851691906/7431c1a9da5bc225e7be1fd27895530f.jpeg","profile_background_image_url_https":"https://si0.twimg.com/profile_background_images/851691906/7431c1a9da5bc225e7be1fd27895530f.jpeg","follow_request_sent":null,"url":null,"utc_offset":-25200,"time_zone":"Mountain Time (US & Canada)","notifications":null,"profile_use_background_image":true,"friends_count":351,"profile_sidebar_fill_color":"C0DFEC","screen_name":"David_Santinii","id_str":"298124044","profile_image_url":"http://a0.twimg.com/profile_images/3570937260/20a1a8fb6f57732f90ca645d8fac6f4a_normal.jpeg","listed_count":1,"is_translator":false},"coordinates":null}