{"filter_level":"medium","contributors":null,"text":"Out of uni... Such a long tiring day","geo":null,"retweeted":false,"in_reply_to_screen_name":null,"truncated":false,"lang":"en","entities":{"symbols":[],"urls":[],"hashtags":[],"user_mentions":[]},"in_reply_to_status_id_str":null,"id":327530791846436864,"source":"<a href=\"http://twitter.com/download/iphone\" rel=\"nofollow\">Twitter for iPhone<\/a>","in_reply_to_user_id_str":null,"favorited":false,"in_reply_to_status_id":null,"retweet_count":0,"created_at":"Thu Apr 25 21:13:20 +0000 2013","in_reply_to_user_id":null,"favorite_count":0,"id_str":"327530791846436864","place":null,"user":{"location":"London","default_profile":false,"statuses_count":2635,"profile_background_tile":false,"lang":"en","profile_link_color":"0084B4","id":298845025,"following":null,"favourites_count":36,"protected":false,"profile_text_color":"333333","description":"It takes courage to grow up and become who you really are!\nCity University London - 21","verified":false,"contributors_enabled":false,"profile_sidebar_border_color":"A8C7F7","name":"Ertz","profile_background_color":"022330","created_at":"Sun May 15 01:49:59 +0000 2011","default_profile_image":false,"followers_count":60,"profile_image_url_https":"https://si0.twimg.com/profile_images/3455939282/46e6234324f66c64111ec171ee61c4da_normal.jpeg","geo_enabled":true,"profile_background_image_url":"http://a0.twimg.com/images/themes/theme15/bg.png","profile_background_image_url_https":"https://si0.twimg.com/images/themes/theme15/bg.png","follow_request_sent":null,"url":null,"utc_offset":0,"time_zone":"London","notifications":null,"profile_use_background_image":true,"friends_count":87,"profile_sidebar_fill_color":"C0DFEC","screen_name":"Ertz1905","id_str":"298845025","profile_image_url":"http://a0.twimg.com/profile_images/3455939282/46e6234324f66c64111ec171ee61c4da_normal.jpeg","listed_count":0,"is_translator":false},"coordinates":null}