{"filter_level":"medium","contributors":null,"text":"@NeruSalcedo hola invitame ):","geo":null,"retweeted":false,"in_reply_to_screen_name":"NeruSalcedo","truncated":false,"lang":"it","entities":{"symbols":[],"urls":[],"hashtags":[],"user_mentions":[{"id":584334867,"name":"Nerea Salcedo","indices":[0,12],"screen_name":"NeruSalcedo","id_str":"584334867"}]},"in_reply_to_status_id_str":"327530101459787776","id":327530791829651456,"source":"web","in_reply_to_user_id_str":"584334867","favorited":false,"in_reply_to_status_id":327530101459787776,"retweet_count":0,"created_at":"Thu Apr 25 21:13:20 +0000 2013","in_reply_to_user_id":584334867,"favorite_count":0,"id_str":"327530791829651456","place":null,"user":{"location":"Ðамas Ġгaтis","default_profile":false,"statuses_count":5557,"profile_background_tile":true,"lang":"es","profile_link_color":"0084B4","profile_banner_url":"https://si0.twimg.com/profile_banners/587801269/1361217185","id":587801269,"following":null,"favourites_count":90,"protected":false,"profile_text_color":"333333","description":"Hablen lo que quieran de mí , yo se bien lo que soy & lo que fuí  - ","verified":false,"contributors_enabled":false,"profile_sidebar_border_color":"000000","name":"Я ¦ Ðämas Gŕatiş  ∞","profile_background_color":"C0DEED","created_at":"Tue May 22 22:26:18 +0000 2012","default_profile_image":false,"followers_count":241,"profile_image_url_https":"https://si0.twimg.com/profile_images/3567389741/9cc5c1f4df265c5e2135a60e0ac2dd6b_normal.jpeg","geo_enabled":false,"profile_background_image_url":"http://a0.twimg.com/profile_background_images/833078555/38847ee1085a21f51135223f39a90d62.jpeg","profile_background_image_url_https":"https://si0.twimg.com/profile_background_images/833078555/38847ee1085a21f51135223f39a90d62.jpeg","follow_request_sent":null,"url":"http://www.facebook.com/RocioGRL","utc_offset":-10800,"time_zone":"Brasilia","notifications":null,"profile_use_background_image":true,"friends_count":238,"profile_sidebar_fill_color":"DDEEF6","screen_name":"RocioDg3","id_str":"587801269","profile_image_url":"http://a0.twimg.com/profile_images/3567389741/9cc5c1f4df265c5e2135a60e0ac2dd6b_normal.jpeg","listed_count":0,"is_translator":false},"coordinates":null}