{"filter_level":"medium","contributors":null,"text":"Boa tarde, @MatheusCandeira aqui comigo :)","geo":null,"retweeted":false,"in_reply_to_screen_name":null,"truncated":false,"lang":"pt","entities":{"symbols":[],"urls":[],"hashtags":[],"user_mentions":[{"id":484271324,"name":"Mc - teteus! ","indices":[11,27],"screen_name":"MatheusCandeira","id_str":"484271324"}]},"in_reply_to_status_id_str":null,"id":327530791829635072,"source":"web","in_reply_to_user_id_str":null,"favorited":false,"in_reply_to_status_id":null,"retweet_count":0,"created_at":"Thu Apr 25 21:13:20 +0000 2013","in_reply_to_user_id":null,"favorite_count":0,"id_str":"327530791829635072","place":null,"user":{"location":"belém - pa ","default_profile":false,"statuses_count":12168,"profile_background_tile":true,"lang":"pt","profile_link_color":"0084B4","profile_banner_url":"https://si0.twimg.com/profile_banners/716083104/1366825226","id":716083104,"following":null,"favourites_count":9,"protected":false,"profile_text_color":"333333","description":"integrante oficial das @bicolindas.","verified":false,"contributors_enabled":false,"profile_sidebar_border_color":"FFFFFF","name":"Jubs ","profile_background_color":"022330","created_at":"Wed Jul 25 13:41:23 +0000 2012","default_profile_image":false,"followers_count":379,"profile_image_url_https":"https://si0.twimg.com/profile_images/3550322774/619b8c9c175fae3d4e05f26282d42776_normal.png","geo_enabled":true,"profile_background_image_url":"http://a0.twimg.com/profile_background_images/851438948/33ebb6fb32cd69a50a9b1d5ff2a36209.png","profile_background_image_url_https":"https://si0.twimg.com/profile_background_images/851438948/33ebb6fb32cd69a50a9b1d5ff2a36209.png","follow_request_sent":null,"url":null,"utc_offset":-10800,"time_zone":"Brasilia","notifications":null,"profile_use_background_image":true,"friends_count":185,"profile_sidebar_fill_color":"DDEEF6","screen_name":"jjulianapaixao","id_str":"716083104","profile_image_url":"http://a0.twimg.com/profile_images/3550322774/619b8c9c175fae3d4e05f26282d42776_normal.png","listed_count":1,"is_translator":false},"coordinates":null}