{"filter_level":"medium","contributors":null,"text":"#cauetleponey","geo":null,"retweeted":false,"in_reply_to_screen_name":null,"truncated":false,"lang":"pl","entities":{"symbols":[],"urls":[],"hashtags":[{"text":"cauetleponey","indices":[0,13]}],"user_mentions":[]},"in_reply_to_status_id_str":null,"id":327530791838048256,"source":"<a href=\"http://twitter.com/download/iphone\" rel=\"nofollow\">Twitter for iPhone<\/a>","in_reply_to_user_id_str":null,"favorited":false,"in_reply_to_status_id":null,"retweet_count":0,"created_at":"Thu Apr 25 21:13:20 +0000 2013","in_reply_to_user_id":null,"favorite_count":0,"id_str":"327530791838048256","place":null,"user":{"location":"","default_profile":true,"statuses_count":195,"profile_background_tile":false,"lang":"fr","profile_link_color":"0084B4","profile_banner_url":"https://si0.twimg.com/profile_banners/1066264381/1357494574","id":1066264381,"following":null,"favourites_count":85,"protected":false,"profile_text_color":"333333","description":null,"verified":false,"contributors_enabled":false,"profile_sidebar_border_color":"C0DEED","name":"delphine_pokofanette","profile_background_color":"C0DEED","created_at":"Sun Jan 06 17:37:13 +0000 2013","default_profile_image":false,"followers_count":6,"profile_image_url_https":"https://si0.twimg.com/profile_images/3074138426/4c6d847d00f9bed599cdf6bdea70c63e_normal.jpeg","geo_enabled":true,"profile_background_image_url":"http://a0.twimg.com/images/themes/theme1/bg.png","profile_background_image_url_https":"https://si0.twimg.com/images/themes/theme1/bg.png","follow_request_sent":null,"url":null,"utc_offset":null,"time_zone":null,"notifications":null,"profile_use_background_image":true,"friends_count":27,"profile_sidebar_fill_color":"DDEEF6","screen_name":"pokofan_del","id_str":"1066264381","profile_image_url":"http://a0.twimg.com/profile_images/3074138426/4c6d847d00f9bed599cdf6bdea70c63e_normal.jpeg","listed_count":0,"is_translator":false},"coordinates":null}