{"filter_level":"medium","contributors":null,"text":"Я собрал 18 750 золотых монет! Кто из вас сможет больше? http://t.co/eTBJojKDNz #iphone, #iphonegames, #gameinsight","geo":null,"retweeted":false,"in_reply_to_screen_name":null,"possibly_sensitive":false,"truncated":false,"lang":"ru","entities":{"symbols":[],"urls":[{"expanded_url":"http://gigam.es/imtw_Tribez","indices":[57,79],"display_url":"gigam.es/imtw_Tribez","url":"http://t.co/eTBJojKDNz"}],"hashtags":[{"text":"iphone","indices":[80,87]},{"text":"iphonegames","indices":[89,101]},{"text":"gameinsight","indices":[103,115]}],"user_mentions":[]},"in_reply_to_status_id_str":null,"id":327530791838044160,"source":"<a href=\"https://itunes.apple.com/us/app/the-tribez/id511317727?mt=8&uo=4\" rel=\"nofollow\">The Tribez on iOS<\/a>","in_reply_to_user_id_str":null,"favorited":false,"in_reply_to_status_id":null,"retweet_count":0,"created_at":"Thu Apr 25 21:13:20 +0000 2013","in_reply_to_user_id":null,"favorite_count":0,"id_str":"327530791838044160","place":null,"user":{"location":"","default_profile":false,"statuses_count":835,"profile_background_tile":true,"lang":"ru","profile_link_color":"009999","profile_banner_url":"https://si0.twimg.com/profile_banners/401393319/1362487078","id":401393319,"following":null,"favourites_count":0,"protected":false,"profile_text_color":"333333","description":null,"verified":false,"contributors_enabled":false,"profile_sidebar_border_color":"EEEEEE","name":"Наталья Горчанюк","profile_background_color":"131516","created_at":"Sun Oct 30 13:43:38 +0000 2011","default_profile_image":false,"followers_count":12,"profile_image_url_https":"https://si0.twimg.com/profile_images/3341720276/929f7171eb80ca1daae350a68dd8324b_normal.jpeg","geo_enabled":true,"profile_background_image_url":"http://a0.twimg.com/images/themes/theme14/bg.gif","profile_background_image_url_https":"https://si0.twimg.com/images/themes/theme14/bg.gif","follow_request_sent":null,"url":null,"utc_offset":14400,"time_zone":"Moscow","notifications":null,"profile_use_background_image":true,"friends_count":16,"profile_sidebar_fill_color":"EFEFEF","screen_name":"Natyril_ka","id_str":"401393319","profile_image_url":"http://a0.twimg.com/profile_images/3341720276/929f7171eb80ca1daae350a68dd8324b_normal.jpeg","listed_count":2,"is_translator":false},"coordinates":null}