{"filter_level":"medium","contributors":null,"text":"@lee_biton ןלחחחח מה קרה","geo":null,"retweeted":false,"in_reply_to_screen_name":"lee_biton","truncated":false,"lang":"he","entities":{"symbols":[],"urls":[],"hashtags":[],"user_mentions":[{"id":1133463686,"name":"ღ ℒěę ℬḭ\u2020øṋ ღ","indices":[0,10],"screen_name":"lee_biton","id_str":"1133463686"}]},"in_reply_to_status_id_str":"327530731477815297","id":327530791833833473,"source":"<a href=\"http://twitter.com/download/iphone\" rel=\"nofollow\">Twitter for iPhone<\/a>","in_reply_to_user_id_str":"1133463686","favorited":false,"in_reply_to_status_id":327530731477815297,"retweet_count":0,"created_at":"Thu Apr 25 21:13:20 +0000 2013","in_reply_to_user_id":1133463686,"favorite_count":0,"id_str":"327530791833833473","place":null,"user":{"location":"follow your dreams ..","default_profile":true,"statuses_count":5927,"profile_background_tile":false,"lang":"he","profile_link_color":"0084B4","profile_banner_url":"https://si0.twimg.com/profile_banners/1007250188/1361829200","id":1007250188,"following":null,"favourites_count":19377,"protected":false,"profile_text_color":"333333","description":null,"verified":false,"contributors_enabled":false,"profile_sidebar_border_color":"C0DEED","name":"Matan Mashiah","profile_background_color":"C0DEED","created_at":"Wed Dec 12 20:32:56 +0000 2012","default_profile_image":false,"followers_count":413,"profile_image_url_https":"https://si0.twimg.com/profile_images/3535216292/f5e0f6823372d33b99d3222c3b37a4b3_normal.jpeg","geo_enabled":false,"profile_background_image_url":"http://a0.twimg.com/images/themes/theme1/bg.png","profile_background_image_url_https":"https://si0.twimg.com/images/themes/theme1/bg.png","follow_request_sent":null,"url":null,"utc_offset":null,"time_zone":null,"notifications":null,"profile_use_background_image":true,"friends_count":220,"profile_sidebar_fill_color":"DDEEF6","screen_name":"MashiahMatan","id_str":"1007250188","profile_image_url":"http://a0.twimg.com/profile_images/3535216292/f5e0f6823372d33b99d3222c3b37a4b3_normal.jpeg","listed_count":0,"is_translator":false},"coordinates":null}