{"filter_level":"low","retweeted_status":{"contributors":null,"text":"The Chronic \"@BiteSizedSmiles: Most memorable rap album? Hmm\"","geo":null,"retweeted":false,"in_reply_to_screen_name":null,"truncated":false,"lang":"en","entities":{"symbols":[],"urls":[],"hashtags":[],"user_mentions":[{"id":472356489,"name":"Harmony","indices":[13,29],"screen_name":"BiteSizedSmiles","id_str":"472356489"}]},"in_reply_to_status_id_str":null,"id":327530601030774785,"source":"<a href=\"http://twitter.com/download/android\" rel=\"nofollow\">Twitter for Android<\/a>","in_reply_to_user_id_str":null,"favorited":false,"in_reply_to_status_id":null,"retweet_count":1,"created_at":"Thu Apr 25 21:12:35 +0000 2013","in_reply_to_user_id":null,"favorite_count":0,"id_str":"327530601030774785","place":null,"user":{"location":"California","default_profile":false,"statuses_count":31644,"profile_background_tile":true,"lang":"en","profile_link_color":"009999","profile_banner_url":"https://si0.twimg.com/profile_banners/234548412/1366826590","id":234548412,"following":null,"favourites_count":1845,"protected":false,"profile_text_color":"0D23B3","description":"I'm not who you think I am.","verified":false,"contributors_enabled":false,"profile_sidebar_border_color":"FFFFFF","name":"Your Favorite Libra","profile_background_color":"131516","created_at":"Wed Jan 05 22:59:28 +0000 2011","default_profile_image":false,"followers_count":1760,"profile_image_url_https":"https://si0.twimg.com/profile_images/3562578263/d95bc4b579d1d03868ed4167a0ae25b1_normal.jpeg","geo_enabled":false,"profile_background_image_url":"http://a0.twimg.com/profile_background_images/666931283/2bb96a4d6ed04c20f56f2d51de27de8b.jpeg","profile_background_image_url_https":"https://si0.twimg.com/profile_background_images/666931283/2bb96a4d6ed04c20f56f2d51de27de8b.jpeg","follow_request_sent":null,"url":null,"utc_offset":-28800,"time_zone":"Pacific Time (US & Canada)","notifications":null,"profile_use_background_image":true,"friends_count":839,"profile_sidebar_fill_color":"EFEFEF","screen_name":"HighImRichardd","id_str":"234548412","profile_image_url":"http://a0.twimg.com/profile_images/3562578263/d95bc4b579d1d03868ed4167a0ae25b1_normal.jpeg","listed_count":0,"is_translator":false},"coordinates":null},"contributors":null,"text":"RT @HighImRichardd: The Chronic \"@BiteSizedSmiles: Most memorable rap album? Hmm\"","geo":null,"retweeted":false,"in_reply_to_screen_name":null,"truncated":false,"entities":{"symbols":[],"urls":[],"hashtags":[],"user_mentions":[{"id":234548412,"name":"Your Favorite Libra","indices":[3,18],"screen_name":"HighImRichardd","id_str":"234548412"},{"id":472356489,"name":"Harmony","indices":[33,49],"screen_name":"BiteSizedSmiles","id_str":"472356489"}]},"in_reply_to_status_id_str":null,"id":327530791846424576,"source":"<a href=\"http://twitter.com/download/iphone\" rel=\"nofollow\">Twitter for iPhone<\/a>","in_reply_to_user_id_str":null,"favorited":false,"in_reply_to_status_id":null,"retweet_count":0,"created_at":"Thu Apr 25 21:13:20 +0000 2013","in_reply_to_user_id":null,"favorite_count":0,"id_str":"327530791846424576","place":null,"user":{"location":"","default_profile":false,"statuses_count":92493,"profile_background_tile":true,"lang":"en","profile_link_color":"DB2121","profile_banner_url":"https://si0.twimg.com/profile_banners/472356489/1366852199","id":472356489,"following":null,"favourites_count":1966,"protected":false,"profile_text_color":"3C3940","description":"Thug Shit Homie","verified":false,"contributors_enabled":false,"profile_sidebar_border_color":"FFFFFF","name":"Harmony","profile_background_color":"EDECE9","created_at":"Mon Jan 23 21:28:38 +0000 2012","default_profile_image":false,"followers_count":14218,"profile_image_url_https":"https://si0.twimg.com/profile_images/3551330127/c52715f5804ac735444db9bc9690ae75_normal.jpeg","geo_enabled":true,"profile_background_image_url":"http://a0.twimg.com/profile_background_images/668279715/15f9027b4706bf1e21565218baf39e94.png","profile_background_image_url_https":"https://si0.twimg.com/profile_background_images/668279715/15f9027b4706bf1e21565218baf39e94.png","follow_request_sent":null,"url":null,"utc_offset":-18000,"time_zone":"Eastern Time (US & Canada)","notifications":null,"profile_use_background_image":true,"friends_count":8580,"profile_sidebar_fill_color":"95E8EC","screen_name":"BiteSizedSmiles","id_str":"472356489","profile_image_url":"http://a0.twimg.com/profile_images/3551330127/c52715f5804ac735444db9bc9690ae75_normal.jpeg","listed_count":43,"is_translator":false},"coordinates":null}