{"filter_level":"low","retweeted_status":{"contributors":null,"text":"ماذا يأسر المرأة ؟ ٣ دق فقط ،، #للرجال_فقط http://t.co/R6jAK6HjkF","geo":null,"retweeted":false,"in_reply_to_screen_name":null,"possibly_sensitive":false,"truncated":false,"lang":"ar","entities":{"symbols":[],"urls":[{"expanded_url":"http://m.youtube.com/watch?v=lJQZHk3Jf8I","indices":[43,65],"display_url":"m.youtube.com/watch?v=lJQZHk\u2026","url":"http://t.co/R6jAK6HjkF"}],"hashtags":[{"text":"للرجال_فقط","indices":[31,42]}],"user_mentions":[]},"in_reply_to_status_id_str":null,"id":327529024140218368,"source":"<a href=\"http://www.apple.com\" rel=\"nofollow\">Safari on iOS<\/a>","in_reply_to_user_id_str":null,"favorited":false,"in_reply_to_status_id":null,"retweet_count":22,"created_at":"Thu Apr 25 21:06:19 +0000 2013","in_reply_to_user_id":null,"favorite_count":13,"id_str":"327529024140218368","place":null,"user":{"location":"dubai","default_profile":true,"statuses_count":5790,"profile_background_tile":false,"lang":"en","profile_link_color":"0084B4","id":446821067,"following":null,"favourites_count":2439,"protected":false,"profile_text_color":"333333","description":"الحساب الرسمي للشيخ وسيم يوسف ،، ولكننا لسنا الشيخ وسيم يوسف ،، نحن محبوه وننشر له كل ماهو مفيد ،، ونحن من يدير الحساب وليس الشيخ","verified":false,"contributors_enabled":false,"profile_sidebar_border_color":"C0DEED","name":"الشيخ وسيم يوسف","profile_background_color":"C0DEED","created_at":"Mon Dec 26 05:49:16 +0000 2011","default_profile_image":false,"followers_count":223986,"profile_image_url_https":"https://si0.twimg.com/profile_images/3437853199/b38b5c79b73d6ff948f45673ab1c9260_normal.jpeg","geo_enabled":false,"profile_background_image_url":"http://a0.twimg.com/images/themes/theme1/bg.png","profile_background_image_url_https":"https://si0.twimg.com/images/themes/theme1/bg.png","follow_request_sent":null,"url":null,"utc_offset":null,"time_zone":null,"notifications":null,"profile_use_background_image":true,"friends_count":0,"profile_sidebar_fill_color":"DDEEF6","screen_name":"waseem_yousef","id_str":"446821067","profile_image_url":"http://a0.twimg.com/profile_images/3437853199/b38b5c79b73d6ff948f45673ab1c9260_normal.jpeg","listed_count":1328,"is_translator":false},"coordinates":null},"contributors":null,"text":"RT @waseem_yousef: ماذا يأسر المرأة ؟ ٣ دق فقط ،، #للرجال_فقط http://t.co/R6jAK6HjkF","geo":null,"retweeted":false,"in_reply_to_screen_name":null,"possibly_sensitive":false,"truncated":false,"entities":{"symbols":[],"urls":[{"expanded_url":"http://m.youtube.com/watch?v=lJQZHk3Jf8I","indices":[62,84],"display_url":"m.youtube.com/watch?v=lJQZHk\u2026","url":"http://t.co/R6jAK6HjkF"}],"hashtags":[{"text":"للرجال_فقط","indices":[50,61]}],"user_mentions":[{"id":446821067,"name":"الشيخ وسيم يوسف","indices":[3,17],"screen_name":"waseem_yousef","id_str":"446821067"}]},"in_reply_to_status_id_str":null,"id":327530791846412289,"source":"<a href=\"http://twitter.com/download/iphone\" rel=\"nofollow\">Twitter for iPhone<\/a>","in_reply_to_user_id_str":null,"favorited":false,"in_reply_to_status_id":null,"retweet_count":0,"created_at":"Thu Apr 25 21:13:20 +0000 2013","in_reply_to_user_id":null,"favorite_count":0,"id_str":"327530791846412289","place":null,"user":{"location":"الكويت","default_profile":true,"statuses_count":16996,"profile_background_tile":false,"lang":"en","profile_link_color":"0084B4","id":407280521,"following":null,"favourites_count":457,"protected":false,"profile_text_color":"333333","description":"مربية اجيال حديثة العهد بالمهنه اسعد عندما اكون سبب في سعادة الاخرين انتظر سقوط بشار","verified":false,"contributors_enabled":false,"profile_sidebar_border_color":"C0DEED","name":"Wasmia","profile_background_color":"C0DEED","created_at":"Mon Nov 07 21:46:55 +0000 2011","default_profile_image":false,"followers_count":537,"profile_image_url_https":"https://si0.twimg.com/profile_images/1836439965/image_normal.jpg","geo_enabled":false,"profile_background_image_url":"http://a0.twimg.com/images/themes/theme1/bg.png","profile_background_image_url_https":"https://si0.twimg.com/images/themes/theme1/bg.png","follow_request_sent":null,"url":null,"utc_offset":null,"time_zone":null,"notifications":null,"profile_use_background_image":true,"friends_count":485,"profile_sidebar_fill_color":"DDEEF6","screen_name":"AblaWasmia","id_str":"407280521","profile_image_url":"http://a0.twimg.com/profile_images/1836439965/image_normal.jpg","listed_count":0,"is_translator":false},"coordinates":null}