{"filter_level":"medium","contributors":null,"text":"I type way to fast","geo":null,"retweeted":false,"in_reply_to_screen_name":null,"truncated":false,"lang":"en","entities":{"symbols":[],"urls":[],"hashtags":[],"user_mentions":[]},"in_reply_to_status_id_str":null,"id":327530791846428673,"source":"<a href=\"http://blackberry.com/twitter\" rel=\"nofollow\">Twitter for BlackBerry®<\/a>","in_reply_to_user_id_str":null,"favorited":false,"in_reply_to_status_id":null,"retweet_count":0,"created_at":"Thu Apr 25 21:13:20 +0000 2013","in_reply_to_user_id":null,"favorite_count":0,"id_str":"327530791846428673","place":null,"user":{"location":"","default_profile":false,"statuses_count":2068,"profile_background_tile":true,"lang":"en","profile_link_color":"EB5E86","profile_banner_url":"https://si0.twimg.com/profile_banners/393441948/1366815570","id":393441948,"following":null,"favourites_count":52,"protected":false,"profile_text_color":"000000","description":"http://drunkengirlsknownothing.tumblr.com // Skype - holly.alexander95 // http://ask.fm/itshollymate  // Most of you are cunts x","verified":false,"contributors_enabled":false,"profile_sidebar_border_color":"000000","name":"holly the princess","profile_background_color":"FFFFFF","created_at":"Tue Oct 18 15:00:57 +0000 2011","default_profile_image":false,"followers_count":620,"profile_image_url_https":"https://si0.twimg.com/profile_images/3535401387/9ec6442e201eb540de34ffbc3eb504e0_normal.jpeg","geo_enabled":false,"profile_background_image_url":"http://a0.twimg.com/profile_background_images/846473377/67c97cc00df5f2621a6c18bce7b9ba65.jpeg","profile_background_image_url_https":"https://si0.twimg.com/profile_background_images/846473377/67c97cc00df5f2621a6c18bce7b9ba65.jpeg","follow_request_sent":null,"url":null,"utc_offset":0,"time_zone":"Casablanca","notifications":null,"profile_use_background_image":false,"friends_count":618,"profile_sidebar_fill_color":"FFFFFF","screen_name":"hollyy_mayy","id_str":"393441948","profile_image_url":"http://a0.twimg.com/profile_images/3535401387/9ec6442e201eb540de34ffbc3eb504e0_normal.jpeg","listed_count":0,"is_translator":false},"coordinates":null}