{"filter_level":"low","retweeted_status":{"contributors":null,"text":"⭕\u200fللمتواجدين\r⭕لمتابعة أكثر من30 الف مغرد\r➊ فولو مي  \u200e@RT_LORD_RT\u200f\r➋ رتويت\r➌ فولو للي عمل الرتويت\r➍ فولو باك\r➎ اللي ما يلتزم مارح يستفيد\r15","geo":null,"retweeted":false,"in_reply_to_screen_name":null,"truncated":false,"lang":"ar","entities":{"symbols":[],"urls":[],"hashtags":[],"user_mentions":[{"id":1191577070,"name":"قروب زيادة المتابعين","indices":[53,64],"screen_name":"RT_LORD_RT","id_str":"1191577070"}]},"in_reply_to_status_id_str":null,"id":327525847261143040,"source":"web","in_reply_to_user_id_str":null,"favorited":false,"in_reply_to_status_id":null,"retweet_count":47,"created_at":"Thu Apr 25 20:53:41 +0000 2013","in_reply_to_user_id":null,"favorite_count":0,"id_str":"327525847261143040","place":null,"user":{"location":"Kuwait","default_profile":true,"statuses_count":14251,"profile_background_tile":false,"lang":"ar","profile_link_color":"0084B4","profile_banner_url":"https://si0.twimg.com/profile_banners/1191577070/1361148368","id":1191577070,"following":null,"favourites_count":16,"protected":false,"profile_text_color":"333333","description":"#TeamFollowBack #Follow4Follow #FollowBack #MustFollow الحساب الرئيسي @Q8_LORD_Q8","verified":false,"contributors_enabled":false,"profile_sidebar_border_color":"C0DEED","name":"قروب زيادة المتابعين","profile_background_color":"C0DEED","created_at":"Mon Feb 18 00:29:45 +0000 2013","default_profile_image":false,"followers_count":28714,"profile_image_url_https":"https://si0.twimg.com/profile_images/3303116587/14d38639988ac8f39a820c8688d9a3cf_normal.jpeg","geo_enabled":false,"profile_background_image_url":"http://a0.twimg.com/images/themes/theme1/bg.png","profile_background_image_url_https":"https://si0.twimg.com/images/themes/theme1/bg.png","follow_request_sent":null,"url":null,"utc_offset":null,"time_zone":null,"notifications":null,"profile_use_background_image":true,"friends_count":27194,"profile_sidebar_fill_color":"DDEEF6","screen_name":"RT_LORD_RT","id_str":"1191577070","profile_image_url":"http://a0.twimg.com/profile_images/3303116587/14d38639988ac8f39a820c8688d9a3cf_normal.jpeg","listed_count":37,"is_translator":false},"coordinates":null},"contributors":null,"text":"RT @RT_LORD_RT: ⭕\u200fللمتواجدين\r⭕لمتابعة أكثر من30 الف مغرد\r➊ فولو مي  \u200e@RT_LORD_RT\u200f\r➋ رتويت\r➌ فولو للي عمل الرتويت\r➍ فولو باك\r➎ اللي ما يلتزم\u2026","geo":null,"retweeted":false,"in_reply_to_screen_name":null,"truncated":false,"entities":{"symbols":[],"urls":[],"hashtags":[],"user_mentions":[{"id":1191577070,"name":"قروب زيادة المتابعين","indices":[3,14],"screen_name":"RT_LORD_RT","id_str":"1191577070"},{"id":1191577070,"name":"قروب زيادة المتابعين","indices":[69,80],"screen_name":"RT_LORD_RT","id_str":"1191577070"}]},"in_reply_to_status_id_str":null,"id":327530791850614784,"source":"<a href=\"http://twitter.com/download/android\" rel=\"nofollow\">Twitter for Android<\/a>","in_reply_to_user_id_str":null,"favorited":false,"in_reply_to_status_id":null,"retweet_count":0,"created_at":"Thu Apr 25 21:13:20 +0000 2013","in_reply_to_user_id":null,"favorite_count":0,"id_str":"327530791850614784","place":null,"user":{"location":"","default_profile":true,"statuses_count":559,"profile_background_tile":false,"lang":"ar","profile_link_color":"0084B4","profile_banner_url":"https://si0.twimg.com/profile_banners/1194723836/1361293934","id":1194723836,"following":null,"favourites_count":74,"protected":false,"profile_text_color":"333333","description":"i love all k-pop and girls generation u-kiss       saudi arabia","verified":false,"contributors_enabled":false,"profile_sidebar_border_color":"C0DEED","name":"لولي~","profile_background_color":"C0DEED","created_at":"Mon Feb 18 20:03:24 +0000 2013","default_profile_image":false,"followers_count":316,"profile_image_url_https":"https://si0.twimg.com/profile_images/3573762391/f0eb60df376730818958c0b98488cd51_normal.jpeg","geo_enabled":false,"profile_background_image_url":"http://a0.twimg.com/images/themes/theme1/bg.png","profile_background_image_url_https":"https://si0.twimg.com/images/themes/theme1/bg.png","follow_request_sent":null,"url":null,"utc_offset":null,"time_zone":null,"notifications":null,"profile_use_background_image":true,"friends_count":245,"profile_sidebar_fill_color":"DDEEF6","screen_name":"Looooly511","id_str":"1194723836","profile_image_url":"http://a0.twimg.com/profile_images/3573762391/f0eb60df376730818958c0b98488cd51_normal.jpeg","listed_count":1,"is_translator":false},"coordinates":null}