{"filter_level":"medium","contributors":null,"text":"@Saraleon96 ara soy yo er sordo jajajaa te vi a tene k enseña a abla ehh fehaa ;)","geo":null,"retweeted":false,"in_reply_to_screen_name":"Saraleon96","truncated":false,"lang":"es","entities":{"symbols":[],"urls":[],"hashtags":[],"user_mentions":[{"id":178529179,"name":"sara leon","indices":[0,11],"screen_name":"Saraleon96","id_str":"178529179"}]},"in_reply_to_status_id_str":"327530331102121984","id":327530791867400192,"source":"<a href=\"http://blackberry.com/twitter\" rel=\"nofollow\">Twitter for BlackBerry®<\/a>","in_reply_to_user_id_str":"178529179","favorited":false,"in_reply_to_status_id":327530331102121984,"retweet_count":0,"created_at":"Thu Apr 25 21:13:20 +0000 2013","in_reply_to_user_id":178529179,"favorite_count":0,"id_str":"327530791867400192","place":null,"user":{"location":"","default_profile":true,"statuses_count":125,"profile_background_tile":false,"lang":"es","profile_link_color":"0084B4","id":999361975,"following":null,"favourites_count":0,"protected":false,"profile_text_color":"333333","description":null,"verified":false,"contributors_enabled":false,"profile_sidebar_border_color":"C0DEED","name":"ale pikon guillen","profile_background_color":"C0DEED","created_at":"Sun Dec 09 14:08:06 +0000 2012","default_profile_image":false,"followers_count":79,"profile_image_url_https":"https://si0.twimg.com/profile_images/3351308699/f78ad46cdf3fa5d8e40f1b77b8f733fc_normal.jpeg","geo_enabled":false,"profile_background_image_url":"http://a0.twimg.com/images/themes/theme1/bg.png","profile_background_image_url_https":"https://si0.twimg.com/images/themes/theme1/bg.png","follow_request_sent":null,"url":null,"utc_offset":null,"time_zone":null,"notifications":null,"profile_use_background_image":true,"friends_count":82,"profile_sidebar_fill_color":"DDEEF6","screen_name":"alepikon","id_str":"999361975","profile_image_url":"http://a0.twimg.com/profile_images/3351308699/f78ad46cdf3fa5d8e40f1b77b8f733fc_normal.jpeg","listed_count":0,"is_translator":false},"coordinates":null}