{"filter_level":"medium","contributors":null,"text":"@yyr_ Well...You're pretty cute, I guess I can share with you. ^^","geo":null,"retweeted":false,"in_reply_to_screen_name":"yyr_","truncated":false,"lang":"en","entities":{"symbols":[],"urls":[],"hashtags":[],"user_mentions":[{"id":146688686,"name":"Aaron Teplitsky","indices":[0,5],"screen_name":"yyr_","id_str":"146688686"}]},"in_reply_to_status_id_str":"327529729001394177","id":327530791867412480,"source":"web","in_reply_to_user_id_str":"146688686","favorited":false,"in_reply_to_status_id":327529729001394177,"retweet_count":0,"created_at":"Thu Apr 25 21:13:20 +0000 2013","in_reply_to_user_id":146688686,"favorite_count":0,"id_str":"327530791867412480","place":null,"user":{"location":"","default_profile":false,"statuses_count":45475,"profile_background_tile":true,"lang":"en","profile_link_color":"93A644","profile_banner_url":"https://si0.twimg.com/profile_banners/30820270/1353349573","id":30820270,"following":null,"favourites_count":331,"protected":false,"profile_text_color":"333333","description":"Run.","verified":false,"contributors_enabled":false,"profile_sidebar_border_color":"FFFFFF","name":"Crispy Senbei","profile_background_color":"B2DFDA","created_at":"Mon Apr 13 06:18:56 +0000 2009","default_profile_image":false,"followers_count":150,"profile_image_url_https":"https://si0.twimg.com/profile_images/3510968760/ff04f7d5abfd75eda91f2eb49361e1ae_normal.jpeg","geo_enabled":true,"profile_background_image_url":"http://a0.twimg.com/profile_background_images/716553671/d507ebe58ecf12641043414443714519.jpeg","profile_background_image_url_https":"https://si0.twimg.com/profile_background_images/716553671/d507ebe58ecf12641043414443714519.jpeg","follow_request_sent":null,"url":"http://sekritagent069.tumblr.com/","utc_offset":-28800,"time_zone":"Pacific Time (US & Canada)","notifications":null,"profile_use_background_image":true,"friends_count":65,"profile_sidebar_fill_color":"A0C5C7","screen_name":"FuzzyOctopi","id_str":"30820270","profile_image_url":"http://a0.twimg.com/profile_images/3510968760/ff04f7d5abfd75eda91f2eb49361e1ae_normal.jpeg","listed_count":22,"is_translator":false},"coordinates":null}