{"filter_level":"medium","contributors":null,"text":"Selon la police de Toronto, un homme est entré dans le magasin d'État et s'est dirigé dans la section des alcools... http://t.co/rys22WBxQF","geo":null,"retweeted":false,"in_reply_to_screen_name":null,"possibly_sensitive":true,"truncated":false,"lang":"fr","entities":{"symbols":[],"urls":[{"expanded_url":"http://fb.me/QKwI6bi9","indices":[117,139],"display_url":"fb.me/QKwI6bi9","url":"http://t.co/rys22WBxQF"}],"hashtags":[],"user_mentions":[]},"in_reply_to_status_id_str":null,"id":327530791838044161,"source":"<a href=\"http://www.facebook.com/twitter\" rel=\"nofollow\">Facebook<\/a>","in_reply_to_user_id_str":null,"favorited":false,"in_reply_to_status_id":null,"retweet_count":0,"created_at":"Thu Apr 25 21:13:20 +0000 2013","in_reply_to_user_id":null,"favorite_count":0,"id_str":"327530791838044161","place":null,"user":{"location":"Dans le monde de Bacchus ","default_profile":false,"statuses_count":15792,"profile_background_tile":false,"lang":"fr","profile_link_color":"F5EDF5","profile_banner_url":"https://si0.twimg.com/profile_banners/374272822/1356063790","id":374272822,"following":null,"favourites_count":5,"protected":false,"profile_text_color":"713C8F","description":"Actualité, évènements, information, suggestion, concours, quiz, etc. ... dans la merveilleuse industrie vinicole et viticole et d'alcool ;-))","verified":false,"contributors_enabled":false,"profile_sidebar_border_color":"D3D2CF","name":"ABC dégustation vin","profile_background_color":"5F965A","created_at":"Fri Sep 16 01:05:23 +0000 2011","default_profile_image":false,"followers_count":751,"profile_image_url_https":"https://si0.twimg.com/profile_images/1595487635/47909_155358764491051_155355421158052_438641_2719738_n_normal.jpg","geo_enabled":false,"profile_background_image_url":"http://a0.twimg.com/profile_background_images/393408167/Pr_sentation1.jpg","profile_background_image_url_https":"https://si0.twimg.com/profile_background_images/393408167/Pr_sentation1.jpg","follow_request_sent":null,"url":"http://www.facebook.com/pages/Labc-de-La-d%C3%A9gustation-du-vin/155355421158052","utc_offset":-14400,"time_zone":"Atlantic Time (Canada)","notifications":null,"profile_use_background_image":true,"friends_count":578,"profile_sidebar_fill_color":"E3E2DE","screen_name":"LouisCMartin","id_str":"374272822","profile_image_url":"http://a0.twimg.com/profile_images/1595487635/47909_155358764491051_155355421158052_438641_2719738_n_normal.jpg","listed_count":21,"is_translator":false},"coordinates":null}