{"filter_level":"medium","contributors":null,"text":"to the hip, hop, hippity hop you don't stop","geo":null,"retweeted":false,"in_reply_to_screen_name":null,"truncated":false,"lang":"en","entities":{"symbols":[],"urls":[],"hashtags":[],"user_mentions":[]},"in_reply_to_status_id_str":null,"id":327530791850618880,"source":"<a href=\"http://www.tweetdeck.com\" rel=\"nofollow\">TweetDeck<\/a>","in_reply_to_user_id_str":null,"favorited":false,"in_reply_to_status_id":null,"retweet_count":0,"created_at":"Thu Apr 25 21:13:20 +0000 2013","in_reply_to_user_id":null,"favorite_count":0,"id_str":"327530791850618880","place":null,"user":{"location":"daar","default_profile":false,"statuses_count":44935,"profile_background_tile":false,"lang":"en","profile_link_color":"038543","id":135251943,"following":null,"favourites_count":99,"protected":false,"profile_text_color":"333333","description":"Call a square a square and a circle a circle","verified":false,"contributors_enabled":false,"profile_sidebar_border_color":"EEEEEE","name":"Robbin","profile_background_color":"ACDED6","created_at":"Tue Apr 20 19:36:45 +0000 2010","default_profile_image":false,"followers_count":108,"profile_image_url_https":"https://si0.twimg.com/profile_images/1972834524/523581_272925629457502_100002202028805_615789_1197036272_n_normal.jpg","geo_enabled":false,"profile_background_image_url":"http://a0.twimg.com/images/themes/theme18/bg.gif","profile_background_image_url_https":"https://si0.twimg.com/images/themes/theme18/bg.gif","follow_request_sent":null,"url":"http://robbin940.hyves.nl","utc_offset":-10800,"time_zone":"Greenland","notifications":null,"profile_use_background_image":true,"friends_count":111,"profile_sidebar_fill_color":"F6F6F6","screen_name":"EnergyAddiction","id_str":"135251943","profile_image_url":"http://a0.twimg.com/profile_images/1972834524/523581_272925629457502_100002202028805_615789_1197036272_n_normal.jpg","listed_count":0,"is_translator":false},"coordinates":null}