{"filter_level":"medium","contributors":null,"text":"¿Qué día de la semana es el más ocupado para ti? \u2014 lunesmartesmiercolesjuevesviernes http://t.co/jfDdvDH7gt","geo":null,"retweeted":false,"in_reply_to_screen_name":null,"possibly_sensitive":false,"truncated":false,"lang":"es","entities":{"symbols":[],"urls":[{"expanded_url":"http://ask.fm/a/3ol40j69","indices":[85,107],"display_url":"ask.fm/a/3ol40j69","url":"http://t.co/jfDdvDH7gt"}],"hashtags":[],"user_mentions":[]},"in_reply_to_status_id_str":null,"id":327530791829639169,"source":"<a href=\"http://ask.fm/\" rel=\"nofollow\">Ask.fm<\/a>","in_reply_to_user_id_str":null,"favorited":false,"in_reply_to_status_id":null,"retweet_count":0,"created_at":"Thu Apr 25 21:13:20 +0000 2013","in_reply_to_user_id":null,"favorite_count":0,"id_str":"327530791829639169","place":null,"user":{"location":"Oslo, Noruega.","default_profile":false,"statuses_count":39610,"profile_background_tile":false,"lang":"es","profile_link_color":"009999","profile_banner_url":"https://si0.twimg.com/profile_banners/141264792/1366387310","id":141264792,"following":null,"favourites_count":3505,"protected":false,"profile_text_color":"333333","description":"Cinta azul en Jiu Jitsu brasileño, entreno MMA. Aficionado al fútbol, vídeo juegos y a la pesca. Pitbulls de mascotas.","verified":false,"contributors_enabled":false,"profile_sidebar_border_color":"000000","name":"Soy","profile_background_color":"131516","created_at":"Fri May 07 16:20:33 +0000 2010","default_profile_image":false,"followers_count":611,"profile_image_url_https":"https://si0.twimg.com/profile_images/3571763715/d7bfd0e155ca56c32f5e45c654789340_normal.jpeg","geo_enabled":true,"profile_background_image_url":"http://a0.twimg.com/profile_background_images/846632698/3c73f04a39834d78b6392f9741d63799.jpeg","profile_background_image_url_https":"https://si0.twimg.com/profile_background_images/846632698/3c73f04a39834d78b6392f9741d63799.jpeg","follow_request_sent":null,"url":null,"utc_offset":-21600,"time_zone":"Central America","notifications":null,"profile_use_background_image":true,"friends_count":237,"profile_sidebar_fill_color":"EFEFEF","screen_name":"_ElSobrino","id_str":"141264792","profile_image_url":"http://a0.twimg.com/profile_images/3571763715/d7bfd0e155ca56c32f5e45c654789340_normal.jpeg","listed_count":11,"is_translator":false},"coordinates":null}