{"filter_level":"low","retweeted_status":{"contributors":null,"text":"Matt Bomer se posiciona como el candidato favorito a Christian Grey entre los fans de CINCUENTA SOMBRAS, con el hashtag #BomerForGrey","geo":null,"retweeted":false,"in_reply_to_screen_name":null,"truncated":false,"lang":"es","entities":{"symbols":[],"urls":[],"hashtags":[{"text":"BomerForGrey","indices":[120,133]}],"user_mentions":[]},"in_reply_to_status_id_str":null,"id":327459325708759040,"source":"web","in_reply_to_user_id_str":null,"favorited":false,"in_reply_to_status_id":null,"retweet_count":642,"created_at":"Thu Apr 25 16:29:21 +0000 2013","in_reply_to_user_id":null,"favorite_count":136,"id_str":"327459325708759040","place":null,"user":{"location":"","default_profile":false,"statuses_count":2712,"profile_background_tile":false,"lang":"es","profile_link_color":"1A3242","profile_banner_url":"https://si0.twimg.com/profile_banners/544352723/1360950016","id":544352723,"following":null,"favourites_count":3793,"protected":false,"profile_text_color":"333333","description":"Twitter Oficial de CINCUENTA SOMBRAS de E.L. James en España. La trilogía de la que habla todo el mundo.","verified":false,"contributors_enabled":false,"profile_sidebar_border_color":"FFFFFF","name":"50sombras","profile_background_color":"1A3242","created_at":"Tue Apr 03 15:17:50 +0000 2012","default_profile_image":false,"followers_count":59143,"profile_image_url_https":"https://si0.twimg.com/profile_images/3257388830/f14853bff70fcb483f7aef8e41c66b20_normal.jpeg","geo_enabled":false,"profile_background_image_url":"http://a0.twimg.com/profile_background_images/737912991/8415a06af2656c4008540b603ad747c7.png","profile_background_image_url_https":"https://si0.twimg.com/profile_background_images/737912991/8415a06af2656c4008540b603ad747c7.png","follow_request_sent":null,"url":"http://www.cincuentasombras.com/","utc_offset":null,"time_zone":null,"notifications":null,"profile_use_background_image":true,"friends_count":784,"profile_sidebar_fill_color":"DDEEF6","screen_name":"50sombras","id_str":"544352723","profile_image_url":"http://a0.twimg.com/profile_images/3257388830/f14853bff70fcb483f7aef8e41c66b20_normal.jpeg","listed_count":122,"is_translator":false},"coordinates":null},"contributors":null,"text":"RT @50sombras: Matt Bomer se posiciona como el candidato favorito a Christian Grey entre los fans de CINCUENTA SOMBRAS, con el hashtag #Bom\u2026","geo":null,"retweeted":false,"in_reply_to_screen_name":null,"truncated":false,"entities":{"symbols":[],"urls":[],"hashtags":[{"text":"Bom","indices":[135,139]}],"user_mentions":[{"id":544352723,"name":"50sombras","indices":[3,13],"screen_name":"50sombras","id_str":"544352723"}]},"in_reply_to_status_id_str":null,"id":327530791833833472,"source":"<a href=\"http://twitter.com/download/android\" rel=\"nofollow\">Twitter for Android<\/a>","in_reply_to_user_id_str":null,"favorited":false,"in_reply_to_status_id":null,"retweet_count":0,"created_at":"Thu Apr 25 21:13:20 +0000 2013","in_reply_to_user_id":null,"favorite_count":0,"id_str":"327530791833833472","place":null,"user":{"location":"Mexico DF","default_profile":false,"statuses_count":1143,"profile_background_tile":false,"lang":"es","profile_link_color":"D02B55","profile_banner_url":"https://si0.twimg.com/profile_banners/79053805/1359851478","id":79053805,"following":null,"favourites_count":218,"protected":false,"profile_text_color":"3E4415","description":"Trovera, pambolera y enamorada de la vida y las maravillosas oportunidades que te pone enfrente!","verified":false,"contributors_enabled":false,"profile_sidebar_border_color":"829D5E","name":"Izys Vannia","profile_background_color":"352726","created_at":"Fri Oct 02 01:00:41 +0000 2009","default_profile_image":false,"followers_count":32,"profile_image_url_https":"https://si0.twimg.com/profile_images/3465608577/9f272243c8fbd14cb0476e027ba06b57_normal.jpeg","geo_enabled":false,"profile_background_image_url":"http://a0.twimg.com/images/themes/theme5/bg.gif","profile_background_image_url_https":"https://si0.twimg.com/images/themes/theme5/bg.gif","follow_request_sent":null,"url":null,"utc_offset":-21600,"time_zone":"Mexico City","notifications":null,"profile_use_background_image":true,"friends_count":108,"profile_sidebar_fill_color":"99CC33","screen_name":"IzysVannia","id_str":"79053805","profile_image_url":"http://a0.twimg.com/profile_images/3465608577/9f272243c8fbd14cb0476e027ba06b57_normal.jpeg","listed_count":1,"is_translator":false},"coordinates":null}