{"filter_level":"medium","contributors":null,"text":"@Jilly_BTR yeah and aw :( I agree with that because although I get bullied I have some amazing friends &lt;33","geo":null,"retweeted":false,"in_reply_to_screen_name":"Jilly_BTR","truncated":false,"lang":"en","entities":{"symbols":[],"urls":[],"hashtags":[],"user_mentions":[{"id":58222096,"name":"Like Nobody's Around","indices":[0,10],"screen_name":"Jilly_BTR","id_str":"58222096"}]},"in_reply_to_status_id_str":"327530074461044736","id":327530791842226176,"source":"web","in_reply_to_user_id_str":"58222096","favorited":false,"in_reply_to_status_id":327530074461044736,"retweet_count":0,"created_at":"Thu Apr 25 21:13:20 +0000 2013","in_reply_to_user_id":58222096,"favorite_count":0,"id_str":"327530791842226176","place":null,"user":{"location":"✪ UK ✪","default_profile":false,"statuses_count":8834,"profile_background_tile":true,"lang":"en","profile_link_color":"FF1234","profile_banner_url":"https://si0.twimg.com/profile_banners/756830642/1363981245","id":756830642,"following":null,"favourites_count":1285,"protected":false,"profile_text_color":"333333","description":"♥ Rusher ♥ Swifty ♥ Harpion ♥ Lovatic ♥ Arianator ♥ Love Cooking, Photography, Music & DOUBLE RAINBOWS ♥ Dan & Phil ♥","verified":false,"contributors_enabled":false,"profile_sidebar_border_color":"000000","name":"Kathryn ♥","profile_background_color":"BADFCD","created_at":"Tue Aug 14 09:27:22 +0000 2012","default_profile_image":false,"followers_count":569,"profile_image_url_https":"https://si0.twimg.com/profile_images/3137628098/6aa020a6b1aa7831917e761a47b9ed0d_normal.jpeg","geo_enabled":false,"profile_background_image_url":"http://a0.twimg.com/profile_background_images/794445618/e66f6e17ae6361ae8d9ef8d379e1603b.jpeg","profile_background_image_url_https":"https://si0.twimg.com/profile_background_images/794445618/e66f6e17ae6361ae8d9ef8d379e1603b.jpeg","follow_request_sent":null,"url":null,"utc_offset":0,"time_zone":"London","notifications":null,"profile_use_background_image":true,"friends_count":1151,"profile_sidebar_fill_color":"DDEEF6","screen_name":"FinklesBTR","id_str":"756830642","profile_image_url":"http://a0.twimg.com/profile_images/3137628098/6aa020a6b1aa7831917e761a47b9ed0d_normal.jpeg","listed_count":0,"is_translator":false},"coordinates":null}