{"filter_level":"low","retweeted_status":{"contributors":null,"text":"Tabela 1-0, hakkı temiz 3-0...","geo":null,"retweeted":false,"in_reply_to_screen_name":null,"truncated":false,"lang":"tr","entities":{"symbols":[],"urls":[],"hashtags":[],"user_mentions":[]},"in_reply_to_status_id_str":null,"id":327528190119665664,"source":"<a href=\"http://twitter.com/download/iphone\" rel=\"nofollow\">Twitter for iPhone<\/a>","in_reply_to_user_id_str":null,"favorited":false,"in_reply_to_status_id":null,"retweet_count":167,"created_at":"Thu Apr 25 21:03:00 +0000 2013","in_reply_to_user_id":null,"favorite_count":27,"id_str":"327528190119665664","place":null,"user":{"location":"","default_profile":false,"statuses_count":19181,"profile_background_tile":true,"lang":"en","profile_link_color":"0084B4","id":60334462,"following":null,"favourites_count":32,"protected":false,"profile_text_color":"333333","description":"Gazeteci // Sabah / A Haber / Lig TV /Bilyoner","verified":false,"contributors_enabled":false,"profile_sidebar_border_color":"FFFFFF","name":"Bülent Timurlenk","profile_background_color":"C0DEED","created_at":"Sun Jul 26 16:08:33 +0000 2009","default_profile_image":false,"followers_count":28958,"profile_image_url_https":"https://si0.twimg.com/profile_images/2662362780/d4afbc47a38cdce9f71e4dbb1422ff33_normal.jpeg","geo_enabled":true,"profile_background_image_url":"http://a0.twimg.com/profile_background_images/739794168/d29c7d1d566530729c65234e89c8c794.jpeg","profile_background_image_url_https":"https://si0.twimg.com/profile_background_images/739794168/d29c7d1d566530729c65234e89c8c794.jpeg","follow_request_sent":null,"url":"http://acetobalsamico.blogspot.com/","utc_offset":7200,"time_zone":"Istanbul","notifications":null,"profile_use_background_image":false,"friends_count":401,"profile_sidebar_fill_color":"DDEEF6","screen_name":"timblnt","id_str":"60334462","profile_image_url":"http://a0.twimg.com/profile_images/2662362780/d4afbc47a38cdce9f71e4dbb1422ff33_normal.jpeg","listed_count":380,"is_translator":false},"coordinates":null},"contributors":null,"text":"RT @timblnt: Tabela 1-0, hakkı temiz 3-0...","geo":null,"retweeted":false,"in_reply_to_screen_name":null,"truncated":false,"entities":{"symbols":[],"urls":[],"hashtags":[],"user_mentions":[{"id":60334462,"name":"Bülent Timurlenk","indices":[3,11],"screen_name":"timblnt","id_str":"60334462"}]},"in_reply_to_status_id_str":null,"id":327530791833841664,"source":"<a href=\"http://twitter.com/download/android\" rel=\"nofollow\">Twitter for Android<\/a>","in_reply_to_user_id_str":null,"favorited":false,"in_reply_to_status_id":null,"retweet_count":0,"created_at":"Thu Apr 25 21:13:20 +0000 2013","in_reply_to_user_id":null,"favorite_count":0,"id_str":"327530791833841664","place":null,"user":{"location":"trabzon","default_profile":false,"statuses_count":1750,"profile_background_tile":true,"lang":"tr","profile_link_color":"0084B4","profile_banner_url":"https://si0.twimg.com/profile_banners/304965945/1364087508","id":304965945,"following":null,"favourites_count":51,"protected":false,"profile_text_color":"333333","description":"sevgilerimle yağmureeee:)","verified":false,"contributors_enabled":false,"profile_sidebar_border_color":"000000","name":"yağmur yargıcı","profile_background_color":"022330","created_at":"Wed May 25 12:17:41 +0000 2011","default_profile_image":false,"followers_count":149,"profile_image_url_https":"https://si0.twimg.com/profile_images/3239530434/5778f5553289af25cecfeb67607f046e_normal.jpeg","geo_enabled":true,"profile_background_image_url":"http://a0.twimg.com/profile_background_images/789219849/c3e5ded1319122eee3454ca913bab98c.jpeg","profile_background_image_url_https":"https://si0.twimg.com/profile_background_images/789219849/c3e5ded1319122eee3454ca913bab98c.jpeg","follow_request_sent":null,"url":null,"utc_offset":10800,"time_zone":"Baghdad","notifications":null,"profile_use_background_image":true,"friends_count":180,"profile_sidebar_fill_color":"C0DFEC","screen_name":"yagmureeee","id_str":"304965945","profile_image_url":"http://a0.twimg.com/profile_images/3239530434/5778f5553289af25cecfeb67607f046e_normal.jpeg","listed_count":1,"is_translator":false},"coordinates":null}