{"filter_level":"medium","contributors":null,"text":"http://t.co/uH3aq90Xl0 инструкция 162-н по бух.учету\nhttp://t.co/uJbYfH5K6E tacho universal 2008 инструкция по пользованию","geo":null,"retweeted":false,"in_reply_to_screen_name":null,"possibly_sensitive":false,"truncated":false,"lang":"ru","entities":{"symbols":[],"urls":[{"expanded_url":"http://pss-ural.ru/art/274-faks-panasonic-kx-a-106-instrukciya/","indices":[0,22],"display_url":"pss-ural.ru/art/274-faks-p\u2026","url":"http://t.co/uH3aq90Xl0"},{"expanded_url":"http://pss-ural.ru/art/960-indesit-witl-106-instrukciya-remontu/","indices":[53,75],"display_url":"pss-ural.ru/art/960-indesi\u2026","url":"http://t.co/uJbYfH5K6E"}],"hashtags":[],"user_mentions":[]},"in_reply_to_status_id_str":null,"id":327530791829655553,"source":"web","in_reply_to_user_id_str":null,"favorited":false,"in_reply_to_status_id":null,"retweet_count":0,"created_at":"Thu Apr 25 21:13:20 +0000 2013","in_reply_to_user_id":null,"favorite_count":0,"id_str":"327530791829655553","place":null,"user":{"location":"Беларусь, Минск","default_profile":false,"statuses_count":1057,"profile_background_tile":false,"lang":"ru","profile_link_color":"D4D4D4","id":81137875,"following":null,"favourites_count":1,"protected":false,"profile_text_color":"892DD8","description":null,"verified":false,"contributors_enabled":false,"profile_sidebar_border_color":"FFFFFF","name":"Александр Полойко","profile_background_color":"8C8B91","created_at":"Fri Oct 09 15:50:44 +0000 2009","default_profile_image":false,"followers_count":20,"profile_image_url_https":"https://si0.twimg.com/profile_images/466552674/Photo_0057_normal.jpg","geo_enabled":false,"profile_background_image_url":"http://a0.twimg.com/profile_background_images/685366279/32649d2950460ddfd715a5a56a201196.jpeg","profile_background_image_url_https":"https://si0.twimg.com/profile_background_images/685366279/32649d2950460ddfd715a5a56a201196.jpeg","follow_request_sent":null,"url":null,"utc_offset":10800,"time_zone":"Minsk","notifications":null,"profile_use_background_image":true,"friends_count":11,"profile_sidebar_fill_color":"1D1D1D","screen_name":"NightMan_","id_str":"81137875","profile_image_url":"http://a0.twimg.com/profile_images/466552674/Photo_0057_normal.jpg","listed_count":3,"is_translator":false},"coordinates":null}