{"filter_level":"medium","contributors":null,"text":"@renattadorneles somos todos assim, hehehe","geo":null,"retweeted":false,"in_reply_to_screen_name":"renattadorneles","truncated":false,"lang":"pt","entities":{"symbols":[],"urls":[],"hashtags":[],"user_mentions":[{"id":102443531,"name":"Renatta Dorneles","indices":[0,16],"screen_name":"renattadorneles","id_str":"102443531"}]},"in_reply_to_status_id_str":"327529738954485760","id":327530791850622977,"source":"web","in_reply_to_user_id_str":"102443531","favorited":false,"in_reply_to_status_id":327529738954485760,"retweet_count":0,"created_at":"Thu Apr 25 21:13:20 +0000 2013","in_reply_to_user_id":102443531,"favorite_count":0,"id_str":"327530791850622977","place":null,"user":{"location":"Porto Alegre - RS, Brazil.","default_profile":false,"statuses_count":12324,"profile_background_tile":true,"lang":"en","profile_link_color":"2FC2EF","profile_banner_url":"https://si0.twimg.com/profile_banners/62174527/1365171388","id":62174527,"following":null,"favourites_count":188,"protected":false,"profile_text_color":"666666","description":"Are you unhappy my dear?","verified":false,"contributors_enabled":false,"profile_sidebar_border_color":"181A1E","name":"Sarah Lima","profile_background_color":"1A1B1F","created_at":"Sun Aug 02 02:21:47 +0000 2009","default_profile_image":false,"followers_count":201,"profile_image_url_https":"https://si0.twimg.com/profile_images/3428482280/2789959835a616f59967b4dee52d28cb_normal.jpeg","geo_enabled":true,"profile_background_image_url":"http://a0.twimg.com/profile_background_images/588322108/lnv1x5878lppnsh4519b.jpeg","profile_background_image_url_https":"https://si0.twimg.com/profile_background_images/588322108/lnv1x5878lppnsh4519b.jpeg","follow_request_sent":null,"url":"http://ever-23-long.tumblr.com/","utc_offset":-14400,"time_zone":"Santiago","notifications":null,"profile_use_background_image":true,"friends_count":80,"profile_sidebar_fill_color":"252429","screen_name":"busarahlima","id_str":"62174527","profile_image_url":"http://a0.twimg.com/profile_images/3428482280/2789959835a616f59967b4dee52d28cb_normal.jpeg","listed_count":2,"is_translator":false},"coordinates":null}