{"filter_level":"medium","contributors":null,"text":"SAME GIRL, DIFFERENT FACE @nelly_hands @kelseyleewee","geo":null,"retweeted":false,"in_reply_to_screen_name":null,"truncated":false,"lang":"en","entities":{"symbols":[],"urls":[],"hashtags":[],"user_mentions":[{"id":353339172,"name":"Nial Magwood","indices":[26,38],"screen_name":"nelly_hands","id_str":"353339172"},{"id":261249302,"name":"KelseyJones.","indices":[39,52],"screen_name":"kelseyleewee","id_str":"261249302"}]},"in_reply_to_status_id_str":null,"id":327530787643723776,"source":"web","in_reply_to_user_id_str":null,"favorited":false,"in_reply_to_status_id":null,"retweet_count":0,"created_at":"Thu Apr 25 21:13:19 +0000 2013","in_reply_to_user_id":null,"favorite_count":0,"id_str":"327530787643723776","place":null,"user":{"location":"Cardiff","default_profile":false,"statuses_count":2566,"profile_background_tile":false,"lang":"en","profile_link_color":"000000","profile_banner_url":"https://si0.twimg.com/profile_banners/61206293/1365415124","id":61206293,"following":null,"favourites_count":452,"protected":false,"profile_text_color":"000000","description":"http://caryshuws.tumblr.com \r\nhttp://www.linkedin.com/pub/carys-huws/55/16a/43","verified":false,"contributors_enabled":false,"profile_sidebar_border_color":"FFFFFF","name":"Carys Huws","profile_background_color":"FFFFFF","created_at":"Wed Jul 29 14:25:51 +0000 2009","default_profile_image":false,"followers_count":530,"profile_image_url_https":"https://si0.twimg.com/profile_images/3122606374/05c58fd2f70f6ba3d016679bd4e0fa4b_normal.jpeg","geo_enabled":true,"profile_background_image_url":"http://a0.twimg.com/profile_background_images/725377930/43466916d781420bde0e30134046d6bb.jpeg","profile_background_image_url_https":"https://si0.twimg.com/profile_background_images/725377930/43466916d781420bde0e30134046d6bb.jpeg","follow_request_sent":null,"url":null,"utc_offset":0,"time_zone":"London","notifications":null,"profile_use_background_image":false,"friends_count":1114,"profile_sidebar_fill_color":"666465","screen_name":"caryshuws","id_str":"61206293","profile_image_url":"http://a0.twimg.com/profile_images/3122606374/05c58fd2f70f6ba3d016679bd4e0fa4b_normal.jpeg","listed_count":1,"is_translator":false},"coordinates":null}