{"filter_level":"medium","contributors":null,"text":"部活行きたくないでござる","geo":null,"retweeted":false,"in_reply_to_screen_name":null,"truncated":false,"lang":"ja","entities":{"symbols":[],"urls":[],"hashtags":[],"user_mentions":[]},"in_reply_to_status_id_str":null,"id":327530791829635073,"source":"<a href=\"http://twicca.r246.jp/\" rel=\"nofollow\">twicca<\/a>","in_reply_to_user_id_str":null,"favorited":false,"in_reply_to_status_id":null,"retweet_count":0,"created_at":"Thu Apr 25 21:13:20 +0000 2013","in_reply_to_user_id":null,"favorite_count":0,"id_str":"327530791829635073","place":null,"user":{"location":"車は運転できるけどお酒は飲めない","default_profile":false,"statuses_count":53060,"profile_background_tile":true,"lang":"ja","profile_link_color":"0099CC","id":80548707,"following":null,"favourites_count":5753,"protected":false,"profile_text_color":"333333","description":"SHERLOCKの探偵と助手（ただしプラトニック）が好きです。たまにお絵かきしてます～。","verified":false,"contributors_enabled":false,"profile_sidebar_border_color":"FFF8AD","name":"ふくば","profile_background_color":"FF2301","created_at":"Wed Oct 07 10:55:38 +0000 2009","default_profile_image":false,"followers_count":399,"profile_image_url_https":"https://si0.twimg.com/profile_images/3573242730/c4e2fb9649e6bf2bab41627d458e303b_normal.png","geo_enabled":false,"profile_background_image_url":"http://a0.twimg.com/profile_background_images/233617817/___.gif","profile_background_image_url_https":"https://si0.twimg.com/profile_background_images/233617817/___.gif","follow_request_sent":null,"url":null,"utc_offset":32400,"time_zone":"Tokyo","notifications":null,"profile_use_background_image":true,"friends_count":330,"profile_sidebar_fill_color":"F6FFD1","screen_name":"fukuba15","id_str":"80548707","profile_image_url":"http://a0.twimg.com/profile_images/3573242730/c4e2fb9649e6bf2bab41627d458e303b_normal.png","listed_count":38,"is_translator":false},"coordinates":null}