bing	data mining	0.0
bing	google	0.0
bing	salsa	0.049555103170462855
bing	web search	0.6013939106913853
data mining	bing	0.0
data mining	google	0.0
data mining	salsa	0.0
data mining	web search	0.06738030094246807
google	bing	0.0
google	data mining	0.0
google	salsa	0.0
google	web search	0.21617430051613337
salsa	bing	0.049555103170462855
salsa	data mining	0.0
salsa	google	0.0
salsa	web search	0.0
web search	bing	0.6013939106913853
web search	data mining	0.06738030094246807
web search	google	0.21617430051613337
web search	salsa	0.0
